N 10TH ST,N,10TH,ST,
S 10TH ST,S,10TH,ST,
N 11TH ST,N,11TH,ST,
S 11TH ST,S,11TH,ST,
N 12TH ST,N,12TH,ST,
S 12TH ST,S,12TH,ST,
N 13TH ST,N,13TH,ST,
S 13TH ST,S,13TH,ST,
N 15TH ST,N,15TH,ST,
S 15TH ST,S,15TH,ST,
N 16TH ST,N,16TH,ST,
S 16TH ST,S,16TH,ST,
N 17TH ST,N,17TH,ST,
S 17TH ST,S,17TH,ST,
N 18TH ST,N,18TH,ST,
S 18TH ST,S,18TH,ST,
N 19TH ST,N,19TH,ST,
S 19TH ST,S,19TH,ST,
N 20TH ST,N,20TH,ST,
S 20TH ST,S,20TH,ST,
N 21ST ST,N,21ST,ST,
S 21ST ST,S,21ST,ST,
N 22ND ST,N,22ND,ST,
S 22ND ST,S,22ND,ST,
N 23RD ST,N,23RD,ST,
S 23RD ST,S,23RD,ST,
23RD STREET DR,,23RD STREET,DR,
N 24TH ST,N,24TH,ST,
S 24TH ST,S,24TH,ST,
N 25TH ST,N,25TH,ST,
S 25TH ST,S,25TH,ST,
N 26TH ST,N,26TH,ST,
S 26TH ST,S,26TH,ST,
N 27TH ST,N,27TH,ST,
S 27TH ST,S,27TH,ST,
N 28TH ST,N,28TH,ST,
S 28TH ST,S,28TH,ST,
N 29TH ST,N,29TH,ST,
S 29TH ST,S,29TH,ST,
N 2ND ST,N,2ND,ST,
S 2ND ST,S,2ND,ST,
N 30TH ST,N,30TH,ST,
S 30TH ST,S,30TH,ST,
30TH LOWER LEVEL ST,,30TH LOWER LEVEL,ST,
N 31ST ST,N,31ST,ST,
S 31ST ST,S,31ST,ST,
31ST LOWER LEVEL ST,,31ST LOWER LEVEL,ST,
N 32ND ST,N,32ND,ST,
S 32ND ST,S,32ND,ST,
N 33RD ST,N,33RD,ST,
S 33RD ST,S,33RD,ST,
N 34TH ST,N,34TH,ST,
S 34TH ST,S,34TH,ST,
N 35TH ST,N,35TH,ST,
S 35TH ST,S,35TH,ST,
N 36TH ST,N,36TH,ST,
S 36TH ST,S,36TH,ST,
N 37TH ST,N,37TH,ST,
S 37TH ST,S,37TH,ST,
N 38TH ST,N,38TH,ST,
S 38TH ST,S,38TH,ST,
38TH PARALLEL PL,,38TH PARALLEL,PL,
N 39TH ST,N,39TH,ST,
S 39TH ST,S,39TH,ST,
N 3RD ST,N,3RD,ST,
S 3RD ST,S,3RD,ST,
N 40TH ST,N,40TH,ST,
S 40TH ST,S,40TH,ST,
N 41ST ST,N,41ST,ST,
S 41ST ST,S,41ST,ST,
41ST ST DR,,41ST ST,DR,
N 42ND ST,N,42ND,ST,
S 42ND ST,S,42ND,ST,
N 43RD ST,N,43RD,ST,
S 43RD ST,S,43RD,ST,
N 44TH ST,N,44TH,ST,
S 44TH ST,S,44TH,ST,
N 45TH ST,N,45TH,ST,
S 45TH ST,S,45TH,ST,
N 46TH ST,N,46TH,ST,
S 46TH ST,S,46TH,ST,
N 47TH ST,N,47TH,ST,
S 47TH ST,S,47TH,ST,
N 48TH ST,N,48TH,ST,
S 48TH ST,S,48TH,ST,
N 49TH ST,N,49TH,ST,
S 49TH ST,S,49TH,ST,
N 4TH ST,N,4TH,ST,
S 4TH ST,S,4TH,ST,
N 50TH ST,N,50TH,ST,
S 50TH ST,S,50TH,ST,
N 51ST ST,N,51ST,ST,
S 51ST ST,S,51ST,ST,
N 52ND ST,N,52ND,ST,
S 52ND ST,S,52ND,ST,
N 53RD ST,N,53RD,ST,
S 53RD ST,S,53RD,ST,
54TH DR,,54TH,DR,
N 54TH ST,N,54TH,ST,
S 54TH ST,S,54TH,ST,
55TH DR,,55TH,DR,
N 55TH ST,N,55TH,ST,
S 55TH ST,S,55TH,ST,
55TH TER,,55TH,TER,
N 56TH ST,N,56TH,ST,
S 56TH ST,S,56TH,ST,
N 57TH ST,N,57TH,ST,
S 57TH ST,S,57TH,ST,
N 58TH ST,N,58TH,ST,
S 58TH ST,S,58TH,ST,
N 59TH ST,N,59TH,ST,
S 59TH ST,S,59TH,ST,
N 5TH ST,N,5TH,ST,
S 5TH ST,S,5TH,ST,
N 5TH TUNL,N,5TH,TUNL,
N 60TH ST,N,60TH,ST,
S 60TH ST,S,60TH,ST,
N 61ST ST,N,61ST,ST,
S 61ST ST,S,61ST,ST,
N 62ND ST,N,62ND,ST,
S 62ND ST,S,62ND,ST,
N 63RD ST,N,63RD,ST,
S 63RD ST,S,63RD,ST,
E 64TH AVE,E,64TH,AVE,
W 64TH AVE,W,64TH,AVE,
N 64TH ST,N,64TH,ST,
S 64TH ST,S,64TH,ST,
E 65TH AVE,E,65TH,AVE,
W 65TH AVE,W,65TH,AVE,
N 65TH ST,N,65TH,ST,
S 65TH ST,S,65TH,ST,
66TH AVE,,66TH,AVE,
N 66TH ST,N,66TH,ST,
S 66TH ST,S,66TH,ST,
67TH AVE,,67TH,AVE,
N 67TH ST,N,67TH,ST,
S 67TH ST,S,67TH,ST,
68TH AVE,,68TH,AVE,
N 68TH ST,N,68TH,ST,
S 68TH ST,S,68TH,ST,
69TH AVE,,69TH,AVE,
N 69TH ST,N,69TH,ST,
S 69TH ST,S,69TH,ST,
N 6TH ST,N,6TH,ST,
S 6TH ST,S,6TH,ST,
70TH AVE,,70TH,AVE,
N 70TH ST,N,70TH,ST,
S 70TH ST,S,70TH,ST,
71ST AVE,,71ST,AVE,
N 71ST ST,N,71ST,ST,
S 71ST ST,S,71ST,ST,
72ND AVE,,72ND,AVE,
N 72ND ST,N,72ND,ST,
S 72ND ST,S,72ND,ST,
73RD AVE,,73RD,AVE,
S 73RD ST,S,73RD,ST,
74TH AVE,,74TH,AVE,
S 74TH ST,S,74TH,ST,
75TH AVE,,75TH,AVE,
N 75TH ST,N,75TH,ST,
S 75TH ST,S,75TH,ST,
76TH AVE,,76TH,AVE,
N 76TH ST,N,76TH,ST,
S 76TH ST,S,76TH,ST,
77TH AVE,,77TH,AVE,
N 77TH ST,N,77TH,ST,
S 77TH ST,S,77TH,ST,
78TH AVE,,78TH,AVE,
S 78TH ST,S,78TH,ST,
79TH AVE,,79TH,AVE,
N 7TH ST,N,7TH,ST,
S 7TH ST,S,7TH,ST,
80TH AVE,,80TH,AVE,
S 80TH ST,S,80TH,ST,
S 81ST ST,S,81ST,ST,
S 82ND ST,S,82ND,ST,
S 83RD ST,S,83RD,ST,
S 84TH ST,S,84TH,ST,
S 85TH ST,S,85TH,ST,
S 86TH ST,S,86TH,ST,
S 88TH ST,S,88TH,ST,
S 89TH ST,S,89TH,ST,
N 8TH ST,N,8TH,ST,
S 8TH ST,S,8TH,ST,
S 90TH ST,S,90TH,ST,
N 9TH ST,N,9TH,ST,
S 9TH ST,S,9TH,ST,
A ST,,A,ST,
ABBOTTS CT,,ABBOTTS,CT,
E ABBOTTSFORD AVE,E,ABBOTTSFORD,AVE,
W ABBOTTSFORD AVE,W,ABBOTTSFORD,AVE,
ABBY RD,,ABBY,RD,
ABERDALE RD,,ABERDALE,RD,
ABERDEEN ST,,ABERDEEN,ST,
ABIGAIL ST,,ABIGAIL,ST,
E ABINGTON AVE,E,ABINGTON,AVE,
W ABINGTON AVE,W,ABINGTON,AVE,
ACADEMY CIR,,ACADEMY,CIR,
ACADEMY PL,,ACADEMY,PL,
ACADEMY RD,,ACADEMY,RD,
ACE WAY,,ACE,WAY,
ACKER ST,,ACKER,ST,
ACORN ST,,ACORN,ST,
ADAMS AVE,,ADAMS,AVE,
ADDISON CT,,ADDISON,CT,
ADDISON ST,,ADDISON,ST,
ADDISON WALK,,ADDISON,WALK,
ADMIRAL PEARY WAY,,ADMIRAL PEARY,WAY,
ADMIRALS WAY,,ADMIRALS,WAY,
ADRIAN WAY,,ADRIAN,WAY,
AFTON ST,,AFTON,ST,
AGATE ST,,AGATE,ST,
AGUSTA ST,,AGUSTA,ST,
AIKENS ST,,AIKENS,ST,
AINSLIE ST,,AINSLIE,ST,
E AIRDRIE ST,E,AIRDRIE,ST,
W AIRDRIE ST,W,AIRDRIE,ST,
AKRON ST,,AKRON,ST,
E ALBANUS ST,E,ALBANUS,ST,
W ALBANUS ST,W,ALBANUS,ST,
ALBEMARLE LN,,ALBEMARLE,LN,
E ALBERT ST,E,ALBERT,ST,
W ALBERT ST,W,ALBERT,ST,
ALBERT EINSTEIN DR,,ALBERT EINSTEIN,DR,
ALBERTA DR,,ALBERTA,DR,
ALBERTA PL,,ALBERTA,PL,
ALBERTA TER,,ALBERTA,TER,
ALBION ST,,ALBION,ST,
ALBRIGHT ST,,ALBRIGHT,ST,
ALBURGER AVE,,ALBURGER,AVE,
ALCOTT ST,,ALCOTT,ST,
N ALDEN ST,N,ALDEN,ST,
S ALDEN ST,S,ALDEN,ST,
ALDEN WALK,,ALDEN,WALK,
ALDER CT,,ALDER,CT,
N ALDER ST,N,ALDER,ST,
S ALDER ST,S,ALDER,ST,
ALDINE ST,,ALDINE,ST,
ALEXANDRA LN,,ALEXANDRA,LN,
ALEXIS LN,,ALEXIS,LN,
ALFRED ST,,ALFRED,ST,
ALGARD ST,,ALGARD,ST,
ALGON AVE,,ALGON,AVE,
ALICIA ST,,ALICIA,ST,
ALLAIRE PL,,ALLAIRE,PL,
ALLANDALE RD,,ALLANDALE,RD,
E ALLEGHENY AVE,E,ALLEGHENY,AVE,
W ALLEGHENY AVE,W,ALLEGHENY,AVE,
E ALLEN ST,E,ALLEN,ST,
W ALLEN ST,W,ALLEN,ST,
ALLENGROVE ST,,ALLENGROVE,ST,
E ALLENS LN,E,ALLENS,LN,
W ALLENS LN,W,ALLENS,LN,
ALLENS PL,,ALLENS,PL,
N ALLISON ST,N,ALLISON,ST,
S ALLISON ST,S,ALLISON,ST,
ALLMAN ST,,ALLMAN,ST,
ALMA ST,,ALMA,ST,
ALMATT DR,,ALMATT,DR,
ALMATT PL,,ALMATT,PL,
ALMATT TER,,ALMATT,TER,
ALMOND ST,,ALMOND,ST,
ALNUS PL,,ALNUS,PL,
ALNUS ST,,ALNUS,ST,
ALPENA RD,,ALPENA,RD,
ALRESFORD ST,,ALRESFORD,ST,
ALTER ST,,ALTER,ST,
ALTON PL,,ALTON,PL,
ALTON ST,,ALTON,ST,
AMBASSADOR PL,,AMBASSADOR,PL,
AMBASSADOR ST,,AMBASSADOR,ST,
AMBER ST,,AMBER,ST,
AMBRIDGE PL,,AMBRIDGE,PL,
AMBROSE ST,,AMBROSE,ST,
N AMERICAN ST,N,AMERICAN,ST,
S AMERICAN ST,S,AMERICAN,ST,
AMHERST PL,,AMHERST,PL,
AMITY RD,,AMITY,RD,
ANCHOR ST,,ANCHOR,ST,
ANCONA RD,,ANCONA,RD,
ANDALE ST,,ANDALE,ST,
ANDERSON ST,,ANDERSON,ST,
ANDORRA RD,,ANDORRA,RD,
ANDOVER RD,,ANDOVER,RD,
ANDREA RD,,ANDREA,RD,
ANDREWS AVE,,ANDREWS,AVE,
ANGELO PL,,ANGELO,PL,
ANGORA TER,,ANGORA,TER,
ANGUS PL,,ANGUS,PL,
ANGUS RD,,ANGUS,RD,
ANITA DR,,ANITA,DR,
E ANN ST,E,ANN,ST,
ANNA DR,,ANNA,DR,
ANNAPOLIS RD,,ANNAPOLIS,RD,
ANNE DHARNONCOURT WAY,,ANNE DHARNONCOURT,WAY,
ANNIN ST,,ANNIN,ST,
E ANNSBURY ST,E,ANNSBURY,ST,
W ANNSBURY ST,W,ANNSBURY,ST,
ANTHONY LN,,ANTHONY,LN,
APALOGEN RD,,APALOGEN,RD,
APOLLO PLZ,,APOLLO,PLZ,
APPIAN WAY,,APPIAN,WAY,
APPLE ST,,APPLE,ST,
APPLE BLOSSOM DR,,APPLE BLOSSOM,DR,
APPLE BLOSSOM WAY,,APPLE BLOSSOM,WAY,
APPLEHOUSE RD,,APPLEHOUSE,RD,
APPLETREE CT,,APPLETREE,CT,
APPLETREE ST,,APPLETREE,ST,
APSLEY ST,,APSLEY,ST,
ARAMINGO AVE,,ARAMINGO,AVE,
ARBOR ST,,ARBOR,ST,
ARBOURS WAY,,ARBOURS,WAY,
ARBUTUS ST,,ARBUTUS,ST,
ARCADIA ST,,ARCADIA,ST,
ARCH ST,,ARCH,ST,
ARCHER ST,,ARCHER,ST,
ARCOLA ST,,ARCOLA,ST,
ARDELL ST,,ARDELL,ST,
ARDLEIGH ST,,ARDLEIGH,ST,
ARENDELL AVE,,ARENDELL,AVE,
ARGUS RD,,ARGUS,RD,
ARGYLE ST,,ARGYLE,ST,
E ARIZONA ST,E,ARIZONA,ST,
W ARIZONA ST,W,ARIZONA,ST,
ARLAN AVE,,ARLAN,AVE,
ARLINGTON ST,,ARLINGTON,ST,
E ARMAT ST,E,ARMAT,ST,
W ARMAT ST,W,ARMAT,ST,
ARMORY ST,,ARMORY,ST,
ARMSTRONG ST,,ARMSTRONG,ST,
ARNOLD ST,,ARNOLD,ST,
ARRIVALS RD,,ARRIVALS,RD,
ARROTT ST,,ARROTT,ST,
ARTHUR ST,,ARTHUR,ST,
ARTWOOD DR,,ARTWOOD,DR,
ASBURY AVE,,ASBURY,AVE,
ASBURY TER,,ASBURY,TER,
ASCOT PL,,ASCOT,PL,
ASH ST,,ASH,ST,
ASHBURNER ST,,ASHBURNER,ST,
E ASHDALE ST,E,ASHDALE,ST,
W ASHDALE ST,W,ASHDALE,ST,
ASHFIELD LN,,ASHFIELD,LN,
ASHFORD ST,,ASHFORD,ST,
ASHLAND AVE,,ASHLAND,AVE,
ASHLAND ST,,ASHLAND,ST,
ASHLEY RD,,ASHLEY,RD,
N ASHMEAD PL,N,ASHMEAD,PL,
S ASHMEAD PL,S,ASHMEAD,PL,
ASHMEAD RD,,ASHMEAD,RD,
E ASHMEAD ST,E,ASHMEAD,ST,
W ASHMEAD ST,W,ASHMEAD,ST,
ASHTON RD,,ASHTON,RD,
ASHURST RD,,ASHURST,RD,
ASHVILLE ST,,ASHVILLE,ST,
ASHWOOD AVE,,ASHWOOD,AVE,
ASPEN PL,,ASPEN,PL,
ASPEN ST,,ASPEN,ST,
ASTER CT,,ASTER,CT,
ASTER RD,,ASTER,RD,
E ATLANTIC ST,E,ATLANTIC,ST,
W ATLANTIC ST,W,ATLANTIC,ST,
ATMORE RD,,ATMORE,RD,
ATWOOD RD,,ATWOOD,RD,
AUBREY AVE,,AUBREY,AVE,
AUBURN AVE,,AUBURN,AVE,
E AUBURN ST,E,AUBURN,ST,
W AUBURN ST,W,AUBURN,ST,
AUDUBON AVE,,AUDUBON,AVE,
AUDUBON PL,,AUDUBON,PL,
AUDUBON PLZ,,AUDUBON,PLZ,
AUDUBON TER,,AUDUBON,TER,
AUGUST ST,,AUGUST,ST,
AURANIA ST,,AURANIA,ST,
AUTH ST,,AUTH,ST,
AUTHORITY TER,,AUTHORITY,TER,
AUTUMN RD,,AUTUMN,RD,
AUTUMN HILL DR,,AUTUMN HILL,DR,
AUTUMN RIVER RUN,,AUTUMN RIVER,RUN,
AVALON PL,,AVALON,PL,
AVALON ST,,AVALON,ST,
AVENUE OF THE REPUBLIC,,AVENUE OF THE REPUBLIC,, 
AVNER LN,,AVNER,LN,
AVON PL,,AVON,PL,
AVON RD,,AVON,RD,
AVON ST,,AVON,ST,
AVON TER,,AVON,TER,
N AVONDALE ST,N,AVONDALE,ST,
S AVONDALE ST,S,AVONDALE,ST,
AVONHOE RD,,AVONHOE,RD,
AWBURY RD,,AWBURY,RD,
AXE FACTORY LN,,AXE FACTORY,LN,
AXE FACTORY RD,,AXE FACTORY,RD,
AYRDALE PL,,AYRDALE,PL,
AYRDALE RD,,AYRDALE,RD,
AYRDALE CRESCENT,,AYRDALE CRESCENT,, 
AZALEA DR,,AZALEA,DR,
B ST,,B,ST,
BACH PL,,BACH,PL,
N BAILEY ST,N,BAILEY,ST,
S BAILEY ST,S,BAILEY,ST,
BAILEY TER,,BAILEY,TER,
BAINBRIDGE ST,,BAINBRIDGE,ST,
BAIRD ST,,BAIRD,ST,
BAKER ST,,BAKER,ST,
BAKERS LN,,BAKERS,LN,
BALA AVE,,BALA,AVE,
BALDWIN ST,,BALDWIN,ST,
BALFOUR ST,,BALFOUR,ST,
BALSTON RD,,BALSTON,RD,
BALTIMORE AVE,,BALTIMORE,AVE,
BALTZ ST,,BALTZ,ST,
BALWYNNE PARK RD,,BALWYNNE PARK,RD,
N BAMBREY ST,N,BAMBREY,ST,
S BAMBREY ST,S,BAMBREY,ST,
BAMBREY TER,,BAMBREY,TER,
N BANCROFT ST,N,BANCROFT,ST,
S BANCROFT ST,S,BANCROFT,ST,
BANDON DR,,BANDON,DR,
BANES ST,,BANES,ST,
BANK ST,,BANK,ST,
BANKS WAY,,BANKS,WAY,
BARBARA ST,,BARBARA,ST,
BARBARY PL,,BARBARY,PL,
BARBARY RD,,BARBARY,RD,
BARCALOW ST,,BARCALOW,ST,
BARCLAY ST,,BARCLAY,ST,
BARING ST,,BARING,ST,
BARLOW PL,,BARLOW,PL,
BARLOW ST,,BARLOW,ST,
BARLOW TER,,BARLOW,TER,
BARNARD ST,,BARNARD,ST,
BARNER PL,,BARNER,PL,
BARNES ST,,BARNES,ST,
BARNETT ST,,BARNETT,ST,
BARRINGER ST,,BARRINGER,ST,
BARRY RD,,BARRY,RD,
BARTLETT PL,,BARTLETT,PL,
BARTLETT ST,,BARTLETT,ST,
BARTON ST,,BARTON,ST,
BARTRAM AVE,,BARTRAM,AVE,
BARTRAM DR,,BARTRAM,DR,
BASILE RD,,BASILE,RD,
BASILICA CIR,,BASILICA,CIR,
BASIN BRIDGE RD,,BASIN BRIDGE,RD,
BASS ST,,BASS,ST,
BATH ST,,BATH,ST,
BATTERSBY ST,,BATTERSBY,ST,
BAYARD ST,,BAYARD,ST,
BAYNTON ST,,BAYNTON,ST,
BEACH ST,,BEACH,ST,
BEACON RD,,BEACON,RD,
BEAN ST,,BEAN,ST,
BEAUMONT ST,,BEAUMONT,ST,
BECK ST,,BECK,ST,
BEECHER AVE,,BEECHER,AVE,
N BEECHWOOD ST,N,BEECHWOOD,ST,
S BEECHWOOD ST,S,BEECHWOOD,ST,
BELDEN ST,,BELDEN,ST,
BELFIELD AVE,,BELFIELD,AVE,
BELFRY DR,,BELFRY,DR,
BELGRADE ST,,BELGRADE,ST,
BELGREEN PL,,BELGREEN,PL,
BELGREEN RD,,BELGREEN,RD,
BELGREEN TER,,BELGREEN,TER,
BELLAIRE PL,,BELLAIRE,PL,
BELLAIRE RD,,BELLAIRE,RD,
BELLEVUE ST,,BELLEVUE,ST,
BELLFORD ST,,BELLFORD,ST,
BELLMAWR RD,,BELLMAWR,RD,
BELLMORE ST,,BELLMORE,ST,
BELLS CT,,BELLS,CT,
E BELLS MILL RD,E,BELLS MILL,RD,
W BELLS MILL RD,W,BELLS MILL,RD,
BELMAR ST,,BELMAR,ST,
BELMONT AVE,,BELMONT,AVE,
BELMONT DR,,BELMONT,DR,
BELMONT MANSION DR,,BELMONT MANSION,DR,
BENET RD,,BENET,RD,
BENEZET ST,,BENEZET,ST,
BENJAMIN CT,,BENJAMIN,CT,
BENJAMIN FRANKLIN BRG,,BENJAMIN FRANKLIN,BRG,
BENJAMIN FRANKLIN PKWY,,BENJAMIN FRANKLIN,PKWY,
BENJAMIN FRANKLIN BRG ACCESS RD,,BENJAMIN FRANKLIN BRG ACCESS,RD,
BENJAMIN RUSH RD,,BENJAMIN RUSH,RD,
BENNER ST,,BENNER,ST,
BENNETT RD,,BENNETT,RD,
BENNINGTON ST,,BENNINGTON,ST,
BENSON ST,,BENSON,ST,
BENTON AVE,,BENTON,AVE,
BERBRO ST,,BERBRO,ST,
BERDAN ST,,BERDAN,ST,
BEREA ST,,BEREA,ST,
BERGEN PL,,BERGEN,PL,
BERGEN ST,,BERGEN,ST,
BERGEN TER,,BERGEN,TER,
BERGES ST,,BERGES,ST,
BERKELEY DR,,BERKELEY,DR,
BERKLEY ST,,BERKLEY,ST,
E BERKS ST,E,BERKS,ST,
W BERKS ST,W,BERKS,ST,
BERKSHIRE ST,,BERKSHIRE,ST,
BERMUDA ST,,BERMUDA,ST,
BERNITA DR,,BERNITA,DR,
BERWICK RD,,BERWICK,RD,
BERWYN PL,,BERWYN,PL,
BERWYN ST,,BERWYN,ST,
BETH DR,,BETH,DR,
BETHLEHEM PIKE,,BETHLEHEM,PIKE,
BETSY ROSS BRG,,BETSY ROSS,BRG,
BETSY ROSS PL,,BETSY ROSS,PL,
BETTS ST,,BETTS,ST,
BEULAH PL,,BEULAH,PL,
S BEULAH ST,S,BEULAH,ST,
BEVERLY DR,,BEVERLY,DR,
BEVERLY RD,,BEVERLY,RD,
BEYER AVE,,BEYER,AVE,
BIALY ST,,BIALY,ST,
BIBLE WAY,,BIBLE,WAY,
BICKLEY ST,,BICKLEY,ST,
BIDDLE RD,,BIDDLE,RD,
BIGGANS PL,,BIGGANS,PL,
BIGLER ST,,BIGLER,ST,
BINGHAM ST,,BINGHAM,ST,
E BIRCH LN,E,BIRCH,LN,
BIRCH RD,,BIRCH,RD,
E BIRCH ST,E,BIRCH,ST,
W BIRCH ST,W,BIRCH,ST,
BIRNIE RD,,BIRNIE,RD,
BIRWOOD ST,,BIRWOOD,ST,
BISCAYNE DR,,BISCAYNE,DR,
BISCAYNE PL,,BISCAYNE,PL,
BITTERN PL,,BITTERN,PL,
BLABON ST,,BLABON,ST,
BLACK RD,,BLACK,RD,
BLACK HORSE ALY,,BLACK HORSE,ALY,
BLACK LAKE PL,,BLACK LAKE,PL,
BLACKWELL PL,,BLACKWELL,PL,
BLADENS CT,,BLADENS,CT,
BLAINE ST,,BLAINE,ST,
BLAIR ST,,BLAIR,ST,
BLAKEMORE ST,,BLAKEMORE,ST,
BLAKESLEE CT,,BLAKESLEE,CT,
BLAKESLEE DR,,BLAKESLEE,DR,
BLAKISTON LN,,BLAKISTON,LN,
BLAKISTON ST,,BLAKISTON,ST,
BLANCOYD RD,,BLANCOYD,RD,
BLAVIS ST,,BLAVIS,ST,
BLEIGH AVE,,BLEIGH,AVE,
BLOOMDALE RD,,BLOOMDALE,RD,
BLOOMFIELD AVE,,BLOOMFIELD,AVE,
BLOOMFIELD PL,,BLOOMFIELD,PL,
BLOYD ST,,BLOYD,ST,
BLUE GRASS RD,,BLUE GRASS,RD,
BLUEBELL CT,,BLUEBELL,CT,
BOBOLINK PL,,BOBOLINK,PL,
N BODINE ST,N,BODINE,ST,
S BODINE ST,S,BODINE,ST,
BOISE PL,,BOISE,PL,
BOLTON ST,,BOLTON,ST,
BOLTON WAY,,BOLTON,WAY,
BONAPARTE CT,,BONAPARTE,CT,
BONITZ ST,,BONITZ,ST,
BONNAFFON ST,,BONNAFFON,ST,
BONNER ST,,BONNER,ST,
BONNIE GELLMAN CT,,BONNIE GELLMAN,CT,
N BONSALL ST,N,BONSALL,ST,
S BONSALL ST,S,BONSALL,ST,
BOONE ST,,BOONE,ST,
BORBECK AVE,,BORBECK,AVE,
BORBECK ST,,BORBECK,ST,
BOREAL PL,,BOREAL,PL,
BOSTON PL,,BOSTON,PL,
E BOSTON ST,E,BOSTON,ST,
W BOSTON ST,W,BOSTON,ST,
BOTANIC AVE,,BOTANIC,AVE,
BOTT ST,,BOTT,ST,
BOUDINOT ST,,BOUDINOT,ST,
N BOUVIER ST,N,BOUVIER,ST,
S BOUVIER ST,S,BOUVIER,ST,
BOWERS ST,,BOWERS,ST,
BOWLER ST,,BOWLER,ST,
BOWMAN CT,,BOWMAN,CT,
BOWMAN ST,,BOWMAN,ST,
BOYER ST,,BOYER,ST,
BRABANT ST,,BRABANT,ST,
BRADDOCK ST,,BRADDOCK,ST,
BRADFORD ALY,,BRADFORD,ALY,
BRADFORD ST,,BRADFORD,ST,
BRADFORD TER,,BRADFORD,TER,
BRADY ST,,BRADY,ST,
BRANDON PL,,BRANDON,PL,
BRANDON RD,,BRANDON,RD,
BRANDYWINE ST,,BRANDYWINE,ST,
BRANT PL,,BRANT,PL,
BREAD ST,,BREAD,ST,
BRENTWOOD RD,,BRENTWOOD,RD,
BREWERY ALY,,BREWERY,ALY,
BREWERY HILL DR,,BREWERY HILL,DR,
BREWERYTOWN CT,,BREWERYTOWN,CT,
BREWSTER AVE,,BREWSTER,AVE,
BRIAR RD,,BRIAR,RD,
BRIDGE ST,,BRIDGE,ST,
BRIDGET ST,,BRIDGET,ST,
BRIDLE RD,,BRIDLE,RD,
BRIEF RD,,BRIEF,RD,
BRIER ST,,BRIER,ST,
BRIERDALE RD,,BRIERDALE,RD,
BRIGGS ST,,BRIGGS,ST,
BRIGHTON PL,,BRIGHTON,PL,
BRIGHTON ST,,BRIGHTON,ST,
BRILL ST,,BRILL,ST,
E BRINGHURST ST,E,BRINGHURST,ST,
W BRINGHURST ST,W,BRINGHURST,ST,
BRINLEY CT,,BRINLEY,CT,
BRINTON ST,,BRINTON,ST,
E BRISTOL ST,E,BRISTOL,ST,
W BRISTOL ST,W,BRISTOL,ST,
BRISTOW PL,,BRISTOW,PL,
N BROAD ST,N,BROAD,ST,
S BROAD ST,S,BROAD,ST,
BROCKLEHURST ST,,BROCKLEHURST,ST,
BROCKTON RD,,BROCKTON,RD,
BROOK LN,,BROOK,LN,
BROOKDALE RD,,BROOKDALE,RD,
BROOKHAVEN RD,,BROOKHAVEN,RD,
BROOKLYN ST,,BROOKLYN,ST,
BROOKMONT RD,,BROOKMONT,RD,
BROOKSHIRE CRK,,BROOKSHIRE,CRK,
BROOKSHIRE CT,,BROOKSHIRE,CT,
BROOKSHIRE DR,,BROOKSHIRE,DR,
BROOKSHIRE LN,,BROOKSHIRE,LN,
BROOKSHIRE PL,,BROOKSHIRE,PL,
BROOKSHIRE PLZ,,BROOKSHIRE,PLZ,
BROOKSHIRE TER,,BROOKSHIRE,TER,
BROOKSHIRE WAY,,BROOKSHIRE,WAY,
BROOKVIEW RD,,BROOKVIEW,RD,
BROOMALL ST,,BROOMALL,ST,
BROUGHTON RD,,BROUGHTON,RD,
BROUS AVE,,BROUS,AVE,
BROWN ST,,BROWN,ST,
BRUNNER ST,,BRUNNER,ST,
BRUNSWICK AVE,,BRUNSWICK,AVE,
BRUNSWICK PL,,BRUNSWICK,PL,
BRUSH RD,,BRUSH,RD,
BRYAN ST,,BRYAN,ST,
BRYN MAWR AVE,,BRYN MAWR,AVE,
BUCKINGHAM PL,,BUCKINGHAM,PL,
BUCKIUS ST,,BUCKIUS,ST,
BUCKLEY DR,,BUCKLEY,DR,
BUCKLEY PL,,BUCKLEY,PL,
BUCKLEY TER,,BUCKLEY,TER,
N BUCKNELL ST,N,BUCKNELL,ST,
S BUCKNELL ST,S,BUCKNELL,ST,
BUCKNELL WAY,,BUCKNELL,WAY,
BUDD ST,,BUDD,ST,
BUIST AVE,,BUIST,AVE,
BUNTING PL,,BUNTING,PL,
BURBANK RD,,BURBANK,RD,
BURBRIDGE ST,,BURBRIDGE,ST,
BURGESS ST,,BURGESS,ST,
BURHOLME AVE,,BURHOLME,AVE,
BURNHAM RD,,BURNHAM,RD,
BURNS ST,,BURNS,ST,
BURNSIDE ST,,BURNSIDE,ST,
BURTON ST,,BURTON,ST,
BUSTI ST,,BUSTI,ST,
BUSTLETON AVE,,BUSTLETON,AVE,
BUSWAY DR,,BUSWAY,DR,
BUTLER AVE,,BUTLER,AVE,
E BUTLER ST,E,BUTLER,ST,
W BUTLER ST,W,BUTLER,ST,
BUTTONWOOD PL,,BUTTONWOOD,PL,
BUTTONWOOD ST,,BUTTONWOOD,ST,
BUXMONT ST,,BUXMONT,ST,
BYBERRY RD,,BYBERRY,RD,
BYRNE RD,,BYRNE,RD,
C ST,,C,ST,
CABELL RD,,CABELL,RD,
CABOT PL,,CABOT,PL,
E CABOT ST,E,CABOT,ST,
W CABOT ST,W,CABOT,ST,
CADILLAC LN,,CADILLAC,LN,
CADWALLADER ST,,CADWALLADER,ST,
CAESAR PL,,CAESAR,PL,
CALABRIA WAY,,CALABRIA,WAY,
CALEDONIA ST,,CALEDONIA,ST,
CALERA RD,,CALERA,RD,
CALLOWHILL ST,,CALLOWHILL,ST,
CALPINE RD,,CALPINE,RD,
CALUMET ST,,CALUMET,ST,
CALVERT ST,,CALVERT,ST,
W CALVERT ST,W,CALVERT,ST,
N CAMAC ST,N,CAMAC,ST,
S CAMAC ST,S,CAMAC,ST,
CAMAS DR,,CAMAS,DR,
E CAMBRIA ST,E,CAMBRIA,ST,
W CAMBRIA ST,W,CAMBRIA,ST,
CAMBRIDGE CT,,CAMBRIDGE,CT,
CAMBRIDGE ST,,CAMBRIDGE,ST,
CAMERON ST,,CAMERON,ST,
CAMPANILE RD,,CAMPANILE,RD,
CAMPBELL PL,,CAMPBELL,PL,
CAMPUS LN,,CAMPUS,LN,
CANAL ST,,CANAL,ST,
CANBY DR,,CANBY,DR,
N CANTERBURY RD,N,CANTERBURY,RD,
S CANTERBURY RD,S,CANTERBURY,RD,
CANTON ST,,CANTON,ST,
CANTRELL ST,,CANTRELL,ST,
CANTRELL TER,,CANTRELL,TER,
CAPITAL VIEW DR,,CAPITAL VIEW,DR,
N CAPITOL ST,N,CAPITOL,ST,
S CAPITOL ST,S,CAPITOL,ST,
CAPRI DR,,CAPRI,DR,
CAPTAINS WAY,,CAPTAINS,WAY,
CARDELLA PL,,CARDELLA,PL,
CARDELLA ST,,CARDELLA,ST,
CARDEZA ST,,CARDEZA,ST,
CARDIFF ST,,CARDIFF,ST,
CARDIN RD,,CARDIN,RD,
CARDINAL AVE,,CARDINAL,AVE,
CARDINGTON RD,,CARDINGTON,RD,
CAREY PL,,CAREY,PL,
CAREY PLZ,,CAREY,PLZ,
CAREY RD,,CAREY,RD,
E CAREY ST,E,CAREY,ST,
W CAREY ST,W,CAREY,ST,
CAREY TER,,CAREY,TER,
CARGILL LN,,CARGILL,LN,
N CARLISLE ST,N,CARLISLE,ST,
S CARLISLE ST,S,CARLISLE,ST,
CARLTON ST,,CARLTON,ST,
CARNATION ST,,CARNATION,ST,
CARNWATH ST,,CARNWATH,ST,
CAROLINE RD,,CAROLINE,RD,
CARPENTER LN,,CARPENTER,LN,
CARPENTER ST,,CARPENTER,ST,
CARRIAGE LN,,CARRIAGE,LN,
CARROLL ST,,CARROLL,ST,
CARSON ST,,CARSON,ST,
CARSWELL TER,,CARSWELL,TER,
CARTER RD,,CARTER,RD,
CARTER ST,,CARTER,ST,
CARTERET DR,,CARTERET,DR,
CARVER ST,,CARVER,ST,
CARWITHAN RD,,CARWITHAN,RD,
CARWITHAN ST,,CARWITHAN,ST,
CARYL LN,,CARYL,LN,
CASIMIR ST,,CASIMIR,ST,
CASKEY ST,,CASKEY,ST,
CASPER ST,,CASPER,ST,
CASTLE AVE,,CASTLE,AVE,
CASTOR AVE,,CASTOR,AVE,
CATES WAY,,CATES,WAY,
CATHARINE ST,,CATHARINE,ST,
CATHEDRAL CIR,,CATHEDRAL,CIR,
CATHEDRAL RD,,CATHEDRAL,RD,
E CAYUGA ST,E,CAYUGA,ST,
W CAYUGA ST,W,CAYUGA,ST,
N CECIL ST,N,CECIL,ST,
S CECIL ST,S,CECIL,ST,
CECIL B MOORE AVE,,CECIL B MOORE,AVE,
CEDAR AVE,,CEDAR,AVE,
CEDAR LN,,CEDAR,LN,
CEDAR ST,,CEDAR,ST,
CEDAR GROVE DR,,CEDAR GROVE,DR,
CEDAR PARK AVE,,CEDAR PARK,AVE,
CEDARBROOK AVE,,CEDARBROOK,AVE,
CEDARHURST ST,,CEDARHURST,ST,
CEMETERY AVE,,CEMETERY,AVE,
CENTAUR PL,,CENTAUR,PL,
CENTENNIAL SQ E,,CENTENNIAL,SQ,E
CENTENNIAL SQ N,,CENTENNIAL,SQ,N
CENTENNIAL SQ W,,CENTENNIAL,SQ,W
CENTRAL AVE,,CENTRAL,AVE,
CENTURY LN,,CENTURY,LN,
N CHADWICK ST,N,CHADWICK,ST,
S CHADWICK ST,S,CHADWICK,ST,
CHALFONT DR,,CHALFONT,DR,
CHALFONT PL,,CHALFONT,PL,
CHALFONT PLAYGROUND WALK,,CHALFONT PLAYGROUND,WALK,
CHALMERS AVE,,CHALMERS,AVE,
CHAMOUNIX DR,,CHAMOUNIX,DR,
S CHAMOUNIX DR,S,CHAMOUNIX,DR,
E CHAMPLOST AVE,E,CHAMPLOST,AVE,
W CHAMPLOST AVE,W,CHAMPLOST,AVE,
CHANCELLOR ST,,CHANCELLOR,ST,
CHANDLER ST,,CHANDLER,ST,
CHANG ST,,CHANG,ST,
CHAPEL RD,,CHAPEL,RD,
CHAPEL HILL RD,,CHAPEL HILL,RD,
CHAPELCROFT ST,,CHAPELCROFT,ST,
CHARETTE RD,,CHARETTE,RD,
CHARLES ST,,CHARLES,ST,
CHARLES TER,,CHARLES,TER,
CHARLTON ST,,CHARLTON,ST,
CHARTER RD,,CHARTER,RD,
CHARTERIS RD,,CHARTERIS,RD,
CHASE RD,,CHASE,RD,
CHATHAM ST,,CHATHAM,ST,
CHAUCER ST,,CHAUCER,ST,
CHEIRON PL,,CHEIRON,PL,
CHELFIELD ST,,CHELFIELD,ST,
CHELSEA PL,,CHELSEA,PL,
CHELTEN AVE,,CHELTEN,AVE,
E CHELTEN AVE,E,CHELTEN,AVE,
W CHELTEN AVE,W,CHELTEN,AVE,
CHELTENHAM AVE,,CHELTENHAM,AVE,
E CHELTENHAM AVE,E,CHELTENHAM,AVE,
W CHELTENHAM AVE,W,CHELTENHAM,AVE,
CHELWYNDE AVE,,CHELWYNDE,AVE,
CHELWYNDE PL,,CHELWYNDE,PL,
CHENANGO ST,,CHENANGO,ST,
CHENEY PL,,CHENEY,PL,
CHEROKEE ST,,CHEROKEE,ST,
CHERRY LN,,CHERRY,LN,
CHERRY ST,,CHERRY,ST,
CHERRY BLOSSOM WAY,,CHERRY BLOSSOM,WAY,
CHESAPEAKE PL,,CHESAPEAKE,PL,
CHESTER AVE,,CHESTER,AVE,
CHESTERFIELD RD,,CHESTERFIELD,RD,
CHESTNUT AVE,,CHESTNUT,AVE,
CHESTNUT LN,,CHESTNUT,LN,
CHESTNUT ST,,CHESTNUT,ST,
E CHESTNUT HILL AVE,E,CHESTNUT HILL,AVE,
W CHESTNUT HILL AVE,W,CHESTNUT HILL,AVE,
CHESWICK RD,,CHESWICK,RD,
CHESWORTH RD,,CHESWORTH,RD,
CHEW AVE,,CHEW,AVE,
E CHEW AVE,E,CHEW,AVE,
W CHEW AVE,W,CHEW,AVE,
CHILTON RD,,CHILTON,RD,
CHIPPENDALE AVE,,CHIPPENDALE,AVE,
CHIPPEWA RD,,CHIPPEWA,RD,
CHRISTIAN ST,,CHRISTIAN,ST,
CHRISTOPHER DR,,CHRISTOPHER,DR,
N CHRISTOPHER COLUMBUS BLVD,N,CHRISTOPHER COLUMBUS,BLVD,
S CHRISTOPHER COLUMBUS BLVD,S,CHRISTOPHER COLUMBUS,BLVD,
CHURCH LN,,CHURCH,LN,
CHURCH RD,,CHURCH,RD,
CHURCH ST,,CHURCH,ST,
CHURCHILL LN,,CHURCHILL,LN,
CHURCHVIEW ST,,CHURCHVIEW,ST,
CINNAMINSON ST,,CINNAMINSON,ST,
CINNAMON DR,,CINNAMON,DR,
CITIZENS BANK WAY,,CITIZENS BANK,WAY,
CITY AVE,,CITY,AVE,
CITY BOUNDARY,,CITY BOUNDARY,, 
CIVIC CENTER BLVD,,CIVIC CENTER,BLVD,
CLAIRE RD,,CLAIRE,RD,
E CLAPIER ST,E,CLAPIER,ST,
W CLAPIER ST,W,CLAPIER,ST,
CLAREMONT RD,,CLAREMONT,RD,
CLARENCE ST,,CLARENCE,ST,
CLARENDON AVE,,CLARENDON,AVE,
CLARIDGE ST,,CLARIDGE,ST,
N CLARION ST,N,CLARION,ST,
S CLARION ST,S,CLARION,ST,
CLARISSA ST,,CLARISSA,ST,
CLARK PL,,CLARK,PL,
CLARK ST,,CLARK,ST,
E CLARKSON AVE,E,CLARKSON,AVE,
W CLARKSON AVE,W,CLARKSON,AVE,
CLAY ST,,CLAY,ST,
CLAYMONT ST,,CLAYMONT,ST,
CLAYTON ST,,CLAYTON,ST,
E CLEARFIELD ST,E,CLEARFIELD,ST,
W CLEARFIELD ST,W,CLEARFIELD,ST,
CLEARVIEW ST,,CLEARVIEW,ST,
E CLEMENTINE ST,E,CLEMENTINE,ST,
W CLEMENTINE ST,W,CLEMENTINE,ST,
N CLEVELAND ST,N,CLEVELAND,ST,
S CLEVELAND ST,S,CLEVELAND,ST,
CLIFF RD,,CLIFF,RD,
CLIFFE DR,,CLIFFE,DR,
CLIFFORD LN,,CLIFFORD,LN,
CLIFFORD ST,,CLIFFORD,ST,
CLIFFORD TER,,CLIFFORD,TER,
CLIFFWOOD RD,,CLIFFWOOD,RD,
N CLIFTON ST,N,CLIFTON,ST,
S CLIFTON ST,S,CLIFTON,ST,
CLINTON ST,,CLINTON,ST,
E CLIVEDEN ST,E,CLIVEDEN,ST,
W CLIVEDEN ST,W,CLIVEDEN,ST,
CLOISTER CIR,,CLOISTER,CIR,
CLOUD CT,,CLOUD,CT,
CLOUD ST,,CLOUD,ST,
CLOVER ST,,CLOVER,ST,
CLOVERLY RD,,CLOVERLY,RD,
CLYDE LN,,CLYDE,LN,
CLYMER ST,,CLYMER,ST,
COBBS CREEK PKWY,,COBBS CREEK,PKWY,
COLEBROOK RD,,COLEBROOK,RD,
COLFAX ST,,COLFAX,ST,
COLGATE ST,,COLGATE,ST,
COLIMA RD,,COLIMA,RD,
N COLLEGE AVE,N,COLLEGE,AVE,
S COLLEGE AVE,S,COLLEGE,AVE,
W COLLEGE AVE,W,COLLEGE,AVE,
COLLI DR,,COLLI,DR,
COLLINS ST,,COLLINS,ST,
COLLOM ST,,COLLOM,ST,
COLMAN PL,,COLMAN,PL,
COLMAN RD,,COLMAN,RD,
COLMAN TER,,COLMAN,TER,
E COLONA ST,E,COLONA,ST,
W COLONA ST,W,COLONA,ST,
COLONIAL ST,,COLONIAL,ST,
COLONY DR,,COLONY,DR,
N COLORADO ST,N,COLORADO,ST,
S COLORADO ST,S,COLORADO,ST,
E COLUMBIA AVE,E,COLUMBIA,AVE,
W COLUMBIA AVE,W,COLUMBIA,AVE,
COLWYN ST,,COLWYN,ST,
COMLY PL,,COMLY,PL,
COMLY RD,,COMLY,RD,
COMLY ST,,COMLY,ST,
COMMERCE ST,,COMMERCE,ST,
COMMERCE WAY,,COMMERCE,WAY,
COMMERCE ST TUNL,,COMMERCE ST,TUNL,
E COMMISSIONER ST,E,COMMISSIONER,ST,
W COMMISSIONER ST,W,COMMISSIONER,ST,
COMMODORE CT,,COMMODORE,CT,
COMMONS DR,,COMMONS,DR,
CONARD ST,,CONARD,ST,
CONARROE ST,,CONARROE,ST,
CONCORD ST,,CONCORD,ST,
S CONCOURSE DR,S,CONCOURSE,DR,
N CONESTOGA ST,N,CONESTOGA,ST,
S CONESTOGA ST,S,CONESTOGA,ST,
CONESTOGA TER,,CONESTOGA,TER,
CONESTOGA WAY,,CONESTOGA,WAY,
CONKLIN ST,,CONKLIN,ST,
CONLYN ST,,CONLYN,ST,
CONRAD ST,,CONRAD,ST,
CONSHOHOCKEN AVE,,CONSHOHOCKEN,AVE,
CONSHOHOCKEN STATE RD,,CONSHOHOCKEN STATE,RD,
CONSTANCE RD,,CONSTANCE,RD,
CONSTITUTION AVE,,CONSTITUTION,AVE,
CONVENT AVE,,CONVENT,AVE,
CONVENT LN,,CONVENT,LN,
CONVENT PL,,CONVENT,PL,
CONVENTION AVE,,CONVENTION,AVE,
CONVENTRY AVE,,CONVENTRY,AVE,
CONWELL AVE,,CONWELL,AVE,
COOPER ST,,COOPER,ST,
COPLEY RD,,COPLEY,RD,
CORAL ST,,CORAL,ST,
CORINTHIAN AVE,,CORINTHIAN,AVE,
N CORLIES ST,N,CORLIES,ST,
S CORLIES ST,S,CORLIES,ST,
CORMORANT PL,,CORMORANT,PL,
CORNELIA PL,,CORNELIA,PL,
CORNELIUS ST,,CORNELIUS,ST,
E CORNWALL ST,E,CORNWALL,ST,
W CORNWALL ST,W,CORNWALL,ST,
CORRY PL,,CORRY,PL,
CORRY RD,,CORRY,RD,
COSGROVE ST,,COSGROVE,ST,
COSMOS CT,,COSMOS,CT,
COTTAGE ST,,COTTAGE,ST,
COTTMAN AVE,,COTTMAN,AVE,
COTTON ST,,COTTON,ST,
E COULTER ST,E,COULTER,ST,
W COULTER ST,W,COULTER,ST,
COUNTRY LN,,COUNTRY,LN,
COUNTRY CLUB BLVD,,COUNTRY CLUB,BLVD,
COUNTRY CLUB RD,,COUNTRY CLUB,RD,
E COUNTRY CLUB RD,E,COUNTRY CLUB,RD,
W COUNTRY CLUB RD,W,COUNTRY CLUB,RD,
COUNTRY LANE DR,,COUNTRY LANE,DR,
COUNTRY LANE WAY,,COUNTRY LANE,WAY,
COUNTY LINE RD,,COUNTY LINE,RD,
E COURTLAND ST,E,COURTLAND,ST,
W COURTLAND ST,W,COURTLAND,ST,
COVERED BRIDGE PATH,,COVERED BRIDGE,PATH,
COVERT RD,,COVERT,RD,
COVINGTON RD,,COVINGTON,RD,
COWDEN ST,,COWDEN,ST,
CRABTREE ST,,CRABTREE,ST,
CRAFTON ST,,CRAFTON,ST,
CRAIG RD,,CRAIG,RD,
CRAIG ST,,CRAIG,ST,
CRANE ST,,CRANE,ST,
CRANFORD AVE,,CRANFORD,AVE,
CRANSTON RD,,CRANSTON,RD,
CRATIN PL,,CRATIN,PL,
CRAWFORD ST,,CRAWFORD,ST,
CREASE LN,,CREASE,LN,
CREASE ST,,CREASE,ST,
CREFELD ST,,CREFELD,ST,
N CREIGHTON ST,N,CREIGHTON,ST,
CRESCENT DR,,CRESCENT,DR,
CRESCENT PL,,CRESCENT,PL,
CRESCENTVILLE RD,,CRESCENTVILLE,RD,
CRESCO AVE,,CRESCO,AVE,
CRESHEIM RD,,CRESHEIM,RD,
CRESHEIM VALLEY DR,,CRESHEIM VALLEY,DR,
CRESSON ST,,CRESSON,ST,
CREST PARK RD,,CREST PARK,RD,
CRESTMONT AVE,,CRESTMONT,AVE,
CRESTON ST,,CRESTON,ST,
CRESTVIEW RD,,CRESTVIEW,RD,
CRESWELL ST,,CRESWELL,ST,
CRESWOOD RD,,CRESWOOD,RD,
CRISPIN ST,,CRISPIN,ST,
CRISTINA PL,,CRISTINA,PL,
CRITTENDEN ST,,CRITTENDEN,ST,
CROATAN PL,,CROATAN,PL,
CROMWELL RD,,CROMWELL,RD,
CRONIN ST,,CRONIN,ST,
CROSBY RD,,CROSBY,RD,
N CROSKEY ST,N,CROSKEY,ST,
S CROSKEY ST,S,CROSKEY,ST,
CROSKEY WAY,,CROSKEY,WAY,
CROSLAND RD,,CROSLAND,RD,
CROSS LN,,CROSS,LN,
CROSS ST,,CROSS,ST,
CROWELL ST,,CROWELL,ST,
E CROWN AVE,E,CROWN,AVE,
W CROWN AVE,W,CROWN,AVE,
CROWN WAY,,CROWN,WAY,
CROWSON ST,,CROWSON,ST,
CROYDON ST,,CROYDON,ST,
CROZIER RD,,CROZIER,RD,
CRYSTAL ST,,CRYSTAL,ST,
CULP ST,,CULP,ST,
W CUMBERLAND DR,W,CUMBERLAND,DR,
E CUMBERLAND ST,E,CUMBERLAND,ST,
W CUMBERLAND ST,W,CUMBERLAND,ST,
CUNNINGHAMS CT,,CUNNINGHAMS,CT,
CURIE BLVD,,CURIE,BLVD,
CURLEW PL,,CURLEW,PL,
CURTIN ST,,CURTIN,ST,
CUSTER ST,,CUSTER,ST,
CUSTIS PL,,CUSTIS,PL,
CUTHBERT ST,,CUTHBERT,ST,
CUTLER ST,,CUTLER,ST,
CYPRESS ST,,CYPRESS,ST,
D ST,,D,ST,
N DAGGETT ST,N,DAGGETT,ST,
S DAGGETT ST,S,DAGGETT,ST,
DAHLIA DR,,DAHLIA,DR,
E DAKOTA ST,E,DAKOTA,ST,
W DAKOTA ST,W,DAKOTA,ST,
DALE RD,,DALE,RD,
DALKEITH ST,,DALKEITH,ST,
DALLAS ST,,DALLAS,ST,
DALTON ST,,DALTON,ST,
DALY ST,,DALY,ST,
DALY TER,,DALY,TER,
DAMAR DR,,DAMAR,DR,
DANA AVE,,DANA,AVE,
DANBURY ST,,DANBURY,ST,
DANER LN,,DANER,LN,
DANFORTH ST,,DANFORTH,ST,
DANIEL ST,,DANIEL,ST,
DANLEY RD,,DANLEY,RD,
DAPHNE RD,,DAPHNE,RD,
N DARIEN ST,N,DARIEN,ST,
S DARIEN ST,S,DARIEN,ST,
DARIEN WAY,,DARIEN,WAY,
DARKRUN LN,,DARKRUN,LN,
DARLINGTON RD,,DARLINGTON,RD,
DARNELL RD,,DARNELL,RD,
DARRAH ST,,DARRAH,ST,
DARTMOUTH PL,,DARTMOUTH,PL,
W DAUPHIN DR,W,DAUPHIN,DR,
E DAUPHIN ST,E,DAUPHIN,ST,
W DAUPHIN ST,W,DAUPHIN,ST,
DAVIDSON RD,,DAVIDSON,RD,
DAVINCI DR,,DAVINCI,DR,
DAVIS ST,,DAVIS,ST,
DAWSON ST,,DAWSON,ST,
DAY ST,,DAY,ST,
DE GRAY ST,,DE GRAY,ST,
DEACON ST,,DEACON,ST,
DEAL ST,,DEAL,ST,
DEAN PLZ,,DEAN,PLZ,
DEARBORN ST,,DEARBORN,ST,
DEARNLEY ST,,DEARNLEY,ST,
DECATUR RD,,DECATUR,RD,
DECATUR ST,,DECATUR,ST,
DECKER BLVD,,DECKER,BLVD,
DEDAKER DR,,DEDAKER,DR,
DEDAKER ST,,DEDAKER,ST,
DEER LN,,DEER,LN,
DEERPATH LN,,DEERPATH,LN,
DEERRUN PL,,DEERRUN,PL,
DEERRUN RD,,DEERRUN,RD,
DEFENSE TER,,DEFENSE,TER,
N DEKALB ST,N,DEKALB,ST,
DELAIRE LANDING RD,,DELAIRE LANDING,RD,
DELANCEY PL,,DELANCEY,PL,
DELANCEY ST,,DELANCEY,ST,
N DELAWARE AVE,N,DELAWARE,AVE,
N DELHI ST,N,DELHI,ST,
S DELHI ST,S,DELHI,ST,
DELIA LN,,DELIA,LN,
DELL ST,,DELL,ST,
DELMAR ST,,DELMAR,ST,
DELPHI PL,,DELPHI,PL,
DELPHINE ST,,DELPHINE,ST,
DELRAY ST,,DELRAY,ST,
DENFELD PL,,DENFELD,PL,
DENISE DR,,DENISE,DR,
DENMAN RD,,DENMAN,RD,
DENNIE ST,,DENNIE,ST,
DENSMORE RD,,DENSMORE,RD,
DEPARTURES RD,,DEPARTURES,RD,
DEPUE AVE,,DEPUE,AVE,
DEPUE PL,,DEPUE,PL,
DERRY PL,,DERRY,PL,
DERRY RD,,DERRY,RD,
DERRY TER,,DERRY,TER,
DESIGN CENTER DR,,DESIGN CENTER,DR,
DEVEREAUX AVE,,DEVEREAUX,AVE,
DEVON PL,,DEVON,PL,
DEVON ST,,DEVON,ST,
DEWEES ST,,DEWEES,ST,
N DEWEY ST,N,DEWEY,ST,
S DEWEY ST,S,DEWEY,ST,
DEXTER ST,,DEXTER,ST,
DIAMOND ST,,DIAMOND,ST,
DICKENS AVE,,DICKENS,AVE,
DICKENS PL,,DICKENS,PL,
DICKINSON ST,,DICKINSON,ST,
DICKS AVE,,DICKS,AVE,
DICKS PL,,DICKS,PL,
DILLMAN ST,,DILLMAN,ST,
DILWORTH ST,,DILWORTH,ST,
DIMARCO DR,,DIMARCO,DR,
DIPLOMAT PL,,DIPLOMAT,PL,
DISCHER ST,,DISCHER,ST,
DISSTON ST,,DISSTON,ST,
DITMAN ST,,DITMAN,ST,
DIVINITY ST,,DIVINITY,ST,
DIVISION ST,,DIVISION,ST,
DOBSON ST,,DOBSON,ST,
DOCK ST,,DOCK,ST,
DOGWOOD LN,,DOGWOOD,LN,
DOMINO LN,,DOMINO,LN,
DONALDSON ST,,DONALDSON,ST,
DONATH ST,,DONATH,ST,
DONDILL PL,,DONDILL,PL,
DORA DR,,DORA,DR,
DORCAS ST,,DORCAS,ST,
DORCAS TER,,DORCAS,TER,
DORCHESTER RD,,DORCHESTER,RD,
DOREL ST,,DOREL,ST,
DOROTHY DR,,DOROTHY,DR,
DORRANCE ST,,DORRANCE,ST,
DORSET ST,,DORSET,ST,
DOTHAN PLZ,,DOTHAN,PLZ,
DOTHAN TER,,DOTHAN,TER,
N DOUGLAS ST,N,DOUGLAS,ST,
S DOUGLAS ST,S,DOUGLAS,ST,
DOUNTON ST,,DOUNTON,ST,
N DOVER ST,N,DOVER,ST,
S DOVER ST,S,DOVER,ST,
DOWITCHER PL,,DOWITCHER,PL,
DOWNING PL,,DOWNING,PL,
DOWNS PL,,DOWNS,PL,
DOWS RD,,DOWS,RD,
DRAKE DR,,DRAKE,DR,
DRAPER ST,,DRAPER,ST,
DRAWBRIDGE,,DRAWBRIDGE,, 
DREER ST,,DREER,ST,
DREXEL RD,,DREXEL,RD,
DRIFTWOOD DR,,DRIFTWOOD,DR,
DRUIM MOIR CT,,DRUIM MOIR,CT,
DRUIM MOIR LN,,DRUIM MOIR,LN,
DRUMMOND RD,,DRUMMOND,RD,
DRUMORE DR,,DRUMORE,DR,
DRUMORE PL,,DRUMORE,PL,
DRURY ST,,DRURY,ST,
DUDLEY ST,,DUDLEY,ST,
DUFFIELD ST,,DUFFIELD,ST,
DUFFY LN,,DUFFY,LN,
DUMONT PL,,DUMONT,PL,
DUMONT RD,,DUMONT,RD,
DUNCAN ST,,DUNCAN,ST,
E DUNCANNON AVE,E,DUNCANNON,AVE,
W DUNCANNON AVE,W,DUNCANNON,AVE,
DUNDEE AVE,,DUNDEE,AVE,
DUNGAN RD,,DUNGAN,RD,
DUNGAN ST,,DUNGAN,ST,
DUNKS FERRY PL,,DUNKS FERRY,PL,
DUNKS FERRY RD,,DUNKS FERRY,RD,
DUNLAP ST,,DUNLAP,ST,
DUNMORE RD,,DUNMORE,RD,
DUNTON ST,,DUNTON,ST,
DUPONT ST,,DUPONT,ST,
DURAND RD,,DURAND,RD,
DURAND ST,,DURAND,ST,
DURARD RD,,DURARD,RD,
DURARD ST,,DURARD,ST,
DURFOR ST,,DURFOR,ST,
E DURHAM ST,E,DURHAM,ST,
W DURHAM ST,W,DURHAM,ST,
DUTTON RD,,DUTTON,RD,
E DUVAL ST,E,DUVAL,ST,
W DUVAL ST,W,DUVAL,ST,
DYER ST,,DYER,ST,
DYOTT ST,,DYOTT,ST,
DYRE ST,,DYRE,ST,
E ST,,E,ST,
EADOM ST,,EADOM,ST,
EAKIN ST,,EAKIN,ST,
EARL CT,,EARL,CT,
EARL ST,,EARL,ST,
E EARLHAM ST,E,EARLHAM,ST,
W EARLHAM ST,W,EARLHAM,ST,
EARLHAM TER,,EARLHAM,TER,
EARP ST,,EARP,ST,
EAST ST,,EAST,ST,
EAST FALLS LN,,EAST FALLS,LN,
EAST FALLS STA WALK,,EAST FALLS STA,WALK,
EAST RIVER RD,,EAST RIVER,RD,
EAST SERVICE DR,,EAST SERVICE,DR,
EASTBURN AVE,,EASTBURN,AVE,
EASTON RD,,EASTON,RD,
S EASTON RD,S,EASTON,RD,
EASTVIEW RD,,EASTVIEW,RD,
EASTWICK AVE,,EASTWICK,AVE,
EASTWICK PL,,EASTWICK,PL,
EASTWICK TER,,EASTWICK,TER,
EASTWOOD ST,,EASTWOOD,ST,
EASY ST,,EASY,ST,
EDDINGTON ST,,EDDINGTON,ST,
EDEN ST,,EDEN,ST,
EDEN HALL LN,,EDEN HALL,LN,
EDGEMONT ST,,EDGEMONT,ST,
EDGEMORE RD,,EDGEMORE,RD,
N EDGEWOOD ST,N,EDGEWOOD,ST,
S EDGEWOOD ST,S,EDGEWOOD,ST,
EDGLEY AVE,,EDGLEY,AVE,
E EDGLEY DR,E,EDGLEY,DR,
EDGLEY ST,,EDGLEY,ST,
EDISON AVE,,EDISON,AVE,
EDMUND ST,,EDMUND,ST,
EDSALL ST,,EDSALL,ST,
EDWIN WALK,,EDWIN,WALK,
EGRET PL,,EGRET,PL,
ELAINE ST,,ELAINE,ST,
ELBERON AVE,,ELBERON,AVE,
ELBOW LN,,ELBOW,LN,
ELBRIDGE ST,,ELBRIDGE,ST,
ELDER ST,,ELDER,ST,
E ELEANOR ST,E,ELEANOR,ST,
W ELEANOR ST,W,ELEANOR,ST,
ELFRETHS ALY,,ELFRETHS,ALY,
ELGIN AVE,,ELGIN,AVE,
ELIZABETH ST,,ELIZABETH,ST,
E ELKHART ST,E,ELKHART,ST,
W ELKHART ST,W,ELKHART,ST,
ELKINS AVE,,ELKINS,AVE,
ELLA ST,,ELLA,ST,
ELLEN ST,,ELLEN,ST,
E ELLET ST,E,ELLET,ST,
W ELLET ST,W,ELLET,ST,
ELLICOTT RD,,ELLICOTT,RD,
ELLIE DR,,ELLIE,DR,
ELLINGTON RD,,ELLINGTON,RD,
ELLIOTT ST,,ELLIOTT,ST,
ELLISTON CIR,,ELLISTON,CIR,
ELLSWORTH ST,,ELLSWORTH,ST,
ELM AVE,,ELM,AVE,
ELMHURST ST,,ELMHURST,ST,
ELMHURST TER,,ELMHURST,TER,
ELMORE PL,,ELMORE,PL,
ELMORE RD,,ELMORE,RD,
ELMORE TER,,ELMORE,TER,
ELMWOOD AVE,,ELMWOOD,AVE,
ELNORA RD,,ELNORA,RD,
ELSER ST,,ELSER,ST,
ELSINORE ST,,ELSINORE,ST,
ELSTON ST,,ELSTON,ST,
ELWOOD ST,,ELWOOD,ST,
EMERALD ST,,EMERALD,ST,
EMERICK ST,,EMERICK,ST,
EMERSON ST,,EMERSON,ST,
EMERY ST,,EMERY,ST,
EMILY ST,,EMILY,ST,
EMLEN ST,,EMLEN,ST,
EMMONS ST,,EMMONS,ST,
ENDICOTT ST,,ENDICOTT,ST,
ENFIELD AVE,,ENFIELD,AVE,
ENGLEWOOD ST,,ENGLEWOOD,ST,
ENOLA ST,,ENOLA,ST,
ENTERPRISE AVE,,ENTERPRISE,AVE,
EPIPHANY PL,,EPIPHANY,PL,
ERDENHEIM ST,,ERDENHEIM,ST,
ERDMAN ST,,ERDMAN,ST,
ERDRICK ST,,ERDRICK,ST,
ERICA PL,,ERICA,PL,
ERICA ST,,ERICA,ST,
ERICA TER,,ERICA,TER,
E ERIE AVE,E,ERIE,AVE,
W ERIE AVE,W,ERIE,AVE,
ERNEST ST,,ERNEST,ST,
ERNEST WAY,,ERNEST,WAY,
ERNIE DAVIS CIR,,ERNIE DAVIS,CIR,
ERNST ST,,ERNST,ST,
ERRINGER PL,,ERRINGER,PL,
ERWIN ST,,ERWIN,ST,
ESCORT ST,,ESCORT,ST,
ESSEX LN,,ESSEX,LN,
ESSINGTON AVE,,ESSINGTON,AVE,
E ESTAUGH ST,E,ESTAUGH,ST,
W ESTAUGH ST,W,ESTAUGH,ST,
ESTE AVE,,ESTE,AVE,
ETTA ST,,ETTA,ST,
N ETTING ST,N,ETTING,ST,
S ETTING ST,S,ETTING,ST,
ETTING TER,,ETTING,TER,
EUCLID AVE,,EUCLID,AVE,
EUCLID ST,,EUCLID,ST,
EUSTON RD,,EUSTON,RD,
EVA ST,,EVA,ST,
EVANS ST,,EVANS,ST,
EVARTS ST,,EVARTS,ST,
EVELINE ST,,EVELINE,ST,
EVERETT AVE,,EVERETT,AVE,
EVERGREEN AVE,,EVERGREEN,AVE,
E EVERGREEN AVE,E,EVERGREEN,AVE,
W EVERGREEN AVE,W,EVERGREEN,AVE,
EVERGREEN PL,,EVERGREEN,PL,
EVERGREEN WAY,,EVERGREEN,WAY,
EXECUTIVE AVE,,EXECUTIVE,AVE,
EXETER RD,,EXETER,RD,
E EYRE ST,E,EYRE,ST,
W EYRE ST,W,EYRE,ST,
F ST,,F,ST,
FACTORY ST,,FACTORY,ST,
FAIRDALE RD,,FAIRDALE,RD,
FAIRFIELD ST,,FAIRFIELD,ST,
FAIRGREEN LN,,FAIRGREEN,LN,
N FAIRHILL ST,N,FAIRHILL,ST,
S FAIRHILL ST,S,FAIRHILL,ST,
FAIRMOUNT AVE,,FAIRMOUNT,AVE,
FAIRTHORNE AVE,,FAIRTHORNE,AVE,
FAIRVIEW ST,,FAIRVIEW,ST,
FAIRWAY TER,,FAIRWAY,TER,
N FALLON ST,N,FALLON,ST,
S FALLON ST,S,FALLON,ST,
FALLS CIR,,FALLS,CIR,
FALLS RD,,FALLS,RD,
FANSHAWE ST,,FANSHAWE,ST,
FARADAY ST,,FARADAY,ST,
FARINA ST,,FARINA,ST,
FARISTON DR,,FARISTON,DR,
FARLEY RD,,FARLEY,RD,
FARMDALE RD,,FARMDALE,RD,
FARNSWORTH ST,,FARNSWORTH,ST,
FARRAGUT ST,,FARRAGUT,ST,
FARRAGUT TER,,FARRAGUT,TER,
FARRELL CT,,FARRELL,CT,
FARRELL LN,,FARRELL,LN,
FARRINGTON RD,,FARRINGTON,RD,
FARSON ST,,FARSON,ST,
FARWELL RD,,FARWELL,RD,
FARWOOD RD,,FARWOOD,RD,
FAUNCE ST,,FAUNCE,ST,
N FAWN ST,N,FAWN,ST,
S FAWN ST,S,FAWN,ST,
FAYETTE ST,,FAYETTE,ST,
FDR PARK DR,,FDR PARK,DR,
FEDERAL ST,,FEDERAL,ST,
FEDOR PL,,FEDOR,PL,
FEDOR RD,,FEDOR,RD,
N FELTON ST,N,FELTON,ST,
S FELTON ST,S,FELTON,ST,
FENN DR,,FENN,DR,
FENWICK PL,,FENWICK,PL,
FENWICK RD,,FENWICK,RD,
FERN ST,,FERN,ST,
FERNDALE ST,,FERNDALE,ST,
FERNHILL RD,,FERNHILL,RD,
FERNON DR,,FERNON,DR,
FERNON ST,,FERNON,ST,
FERNWOOD ST,,FERNWOOD,ST,
N FERRY RD,N,FERRY,RD,
S FERRY RD,S,FERRY,RD,
FIELD ST,,FIELD,ST,
FILBERT ST,,FILBERT,ST,
FILLMORE PL,,FILLMORE,PL,
FILLMORE ST,,FILLMORE,ST,
FILLMORE TER,,FILLMORE,TER,
FINCH PL,,FINCH,PL,
E FIRTH ST,E,FIRTH,ST,
W FIRTH ST,W,FIRTH,ST,
E FISHER AVE,E,FISHER,AVE,
W FISHER AVE,W,FISHER,AVE,
E FISHERS LN,E,FISHERS,LN,
W FISHERS LN,W,FISHERS,LN,
FISK AVE,,FISK,AVE,
FITLER ST,,FITLER,ST,
FITLERS WALK,,FITLERS,WALK,
FITZGERALD ST,,FITZGERALD,ST,
FITZWATER ST,,FITZWATER,ST,
FLAGLER RD,,FLAGLER,RD,
FLAGSHIP DR,,FLAGSHIP,DR,
FLAGSTAFF PL,,FLAGSTAFF,PL,
FLAGSTAFF RD,,FLAGSTAFF,RD,
FLAMINGO ST,,FLAMINGO,ST,
FLANDERS RD,,FLANDERS,RD,
FLAT ROCK RD,,FLAT ROCK,RD,
FLEMING ST,,FLEMING,ST,
E FLETCHER ST,E,FLETCHER,ST,
W FLETCHER ST,W,FLETCHER,ST,
E FLORA ST,E,FLORA,ST,
W FLORA ST,W,FLORA,ST,
FLORENCE AVE,,FLORENCE,AVE,
FLORIST ST,,FLORIST,ST,
FLOYD ST,,FLOYD,ST,
FOGGIA DR,,FOGGIA,DR,
FOLSOM ST,,FOLSOM,ST,
FONTAIN ST,,FONTAIN,ST,
FORBIDDEN DR,,FORBIDDEN,DR,
FORD RD,,FORD,RD,
FORDHAM RD,,FORDHAM,RD,
FOREST HILLS AVE,,FOREST HILLS,AVE,
FORREST AVE,,FORREST,AVE,
FORRESTAL ST,,FORRESTAL,ST,
FORT MIFFLIN RD,,FORT MIFFLIN,RD,
FOSTER AVE,,FOSTER,AVE,
FOSTER ST,,FOSTER,ST,
FOULKROD PL,,FOULKROD,PL,
FOULKROD ST,,FOULKROD,ST,
FOUNDERS PL,,FOUNDERS,PL,
FOUNTAIN ST,,FOUNTAIN,ST,
FOUNTAIN GREEN DR,,FOUNTAIN GREEN,DR,
FOUR FREEDOMS HOME,,FOUR FREEDOMS HOME,, 
FOWLER ST,,FOWLER,ST,
FOX ST,,FOX,ST,
FOX CHASE RD,,FOX CHASE,RD,
FOX RUN LN,,FOX RUN,LN,
FOXGLOVE LN,,FOXGLOVE,LN,
FOXHILL RD,,FOXHILL,RD,
FOXX LN,,FOXX,LN,
FRALEY ST,,FRALEY,ST,
FRANCIS ST,,FRANCIS,ST,
FRANKFORD AVE,,FRANKFORD,AVE,
FRANKLIN AVE,,FRANKLIN,AVE,
FRANKLIN PL,,FRANKLIN,PL,
N FRANKLIN ST,N,FRANKLIN,ST,
S FRANKLIN ST,S,FRANKLIN,ST,
FRANKLIN MILLS BLVD,,FRANKLIN MILLS,BLVD,
FRANKLIN MILLS CIR,,FRANKLIN MILLS,CIR,
FRANKLIN MILLS DR,,FRANKLIN MILLS,DR,
FRANKLIN TOWN BLVD,,FRANKLIN TOWN,BLVD,
N FRAZIER ST,N,FRAZIER,ST,
S FRAZIER ST,S,FRAZIER,ST,
FREDERICK ST,,FREDERICK,ST,
FREEDLY ST,,FREEDLY,ST,
FREELAND AVE,,FREELAND,AVE,
FRENCH ST,,FRENCH,ST,
FRIAR PL,,FRIAR,PL,
FRIAR RD,,FRIAR,RD,
FRIEL PL,,FRIEL,PL,
FRIENDSHIP ST,,FRIENDSHIP,ST,
N FRONT ST,N,FRONT,ST,
S FRONT ST,S,FRONT,ST,
FRONTAGE RD,,FRONTAGE,RD,
FRONTENAC ST,,FRONTENAC,ST,
FROST ST,,FROST,ST,
FULLER ST,,FULLER,ST,
FULMER ST,,FULMER,ST,
FULTON ST,,FULTON,ST,
FUNSTON ST,,FUNSTON,ST,
FURLEY ST,,FURLEY,ST,
G ST,,G,ST,
G F CONGDON DR,,G F CONGDON,DR,
GAINOR RD,,GAINOR,RD,
GALAHAD RD,,GALAHAD,RD,
GALDI LN,,GALDI,LN,
E GALE ST,E,GALE,ST,
W GALE ST,W,GALE,ST,
N GALLOWAY ST,N,GALLOWAY,ST,
S GALLOWAY ST,S,GALLOWAY,ST,
GALLOWS LN,,GALLOWS,LN,
GANNET PL,,GANNET,PL,
GANTRY RD,,GANTRY,RD,
GARDEN ST,,GARDEN,ST,
GARDENIA LN,,GARDENIA,LN,
GARDENIA ST,,GARDENIA,ST,
GARDNER ST,,GARDNER,ST,
E GARFIELD ST,E,GARFIELD,ST,
W GARFIELD ST,W,GARFIELD,ST,
GARLAND ST,,GARLAND,ST,
GARMAN ST,,GARMAN,ST,
N GARNET ST,N,GARNET,ST,
S GARNET ST,S,GARNET,ST,
GARRETT ST,,GARRETT,ST,
GARTH RD,,GARTH,RD,
GARVEY DR,,GARVEY,DR,
GASKILL ST,,GASKILL,ST,
GASTON LN,,GASTON,LN,
GATE LN,,GATE,LN,
GATEHOUSE LN,,GATEHOUSE,LN,
GATES AVE,,GATES,AVE,
GATES ST,,GATES,ST,
GATEWAY DR,,GATEWAY,DR,
GAUL ST,,GAUL,ST,
GAY ST,,GAY,ST,
GEARY ST,,GEARY,ST,
GEIGER RD,,GEIGER,RD,
GELENA RD,,GELENA,RD,
GENESEE DR,,GENESEE,DR,
GENESEE PL,,GENESEE,PL,
GENEVA AVE,,GENEVA,AVE,
GENOA DR,,GENOA,DR,
E GEORGE ST,E,GEORGE,ST,
W GEORGE ST,W,GEORGE,ST,
GEORGES LN,,GEORGES,LN,
GEORGES HILL DR,,GEORGES HILL,DR,
N GEORGES HILL DR,N,GEORGES HILL,DR,
S GEORGES HILL DR,S,GEORGES HILL,DR,
GEORGIAN RD,,GEORGIAN,RD,
GERHARD ST,,GERHARD,ST,
GERMANIA ST,,GERMANIA,ST,
GERMANTOWN AVE,,GERMANTOWN,AVE,
GERMANTOWN PIKE,,GERMANTOWN,PIKE,
GERMANTOWN FRIENDS SCHOOL,,GERMANTOWN FRIENDS SCHOOL,, 
GERRITT ST,,GERRITT,ST,
GERRY ST,,GERRY,ST,
GESNER ST,,GESNER,ST,
GETTYSBURG AVE,,GETTYSBURG,AVE,
GIBBS PL,,GIBBS,PL,
GIBSON DR,,GIBSON,DR,
GIBSON PL,,GIBSON,PL,
GIFFORD AVE,,GIFFORD,AVE,
GILBERT ST,,GILBERT,ST,
GILHAM ST,,GILHAM,ST,
GILLESPIE ST,,GILLESPIE,ST,
GILLINGHAM ST,,GILLINGHAM,ST,
GINA DR,,GINA,DR,
GINGER LN,,GINGER,LN,
GINNODO ST,,GINNODO,ST,
E GIRARD AVE,E,GIRARD,AVE,
W GIRARD AVE,W,GIRARD,AVE,
GIRARD ST,,GIRARD,ST,
GLADSTONE ST,,GLADSTONE,ST,
GLEASON LN,,GLEASON,LN,
GLEN CAMPBELL RD,,GLEN CAMPBELL,RD,
GLEN ECHO RD,,GLEN ECHO,RD,
GLENBROOK PL,,GLENBROOK,PL,
GLENCOE AVE,,GLENCOE,AVE,
GLENDALE AVE,,GLENDALE,AVE,
GLENDALE ST,,GLENDALE,ST,
GLENFIELD ST,,GLENFIELD,ST,
GLENGARRY RD,,GLENGARRY,RD,
GLENHOPE RD,,GLENHOPE,RD,
GLENIFER ST,,GLENIFER,ST,
GLENLOCH PL,,GLENLOCH,PL,
GLENLOCH ST,,GLENLOCH,ST,
GLENMORE AVE,,GLENMORE,AVE,
GLENN ST,,GLENN,ST,
GLENROY RD,,GLENROY,RD,
GLENVIEW ST,,GLENVIEW,ST,
E GLENWOOD AVE,E,GLENWOOD,AVE,
W GLENWOOD AVE,W,GLENWOOD,AVE,
GLENWOOD DR,,GLENWOOD,DR,
GLOBAL RD,,GLOBAL,RD,
GLOUCESTER LN,,GLOUCESTER,LN,
E GODFREY AVE,E,GODFREY,AVE,
W GODFREY AVE,W,GODFREY,AVE,
GOLF RD,,GOLF,RD,
GOOD ST,,GOOD,ST,
GOODFORD RD,,GOODFORD,RD,
GOODMAN ST,,GOODMAN,ST,
GOODNAW ST,,GOODNAW,ST,
GORDON RD,,GORDON,RD,
E GORDON ST,E,GORDON,ST,
W GORDON ST,W,GORDON,ST,
GORGAS LN,,GORGAS,LN,
E GORGAS LN,E,GORGAS,LN,
W GORGAS LN,W,GORGAS,LN,
GORMAN ST,,GORMAN,ST,
GORSTEN ST,,GORSTEN,ST,
GOULD ST,,GOULD,ST,
GOVERNORS CT,,GOVERNORS,CT,
E GOWEN AVE,E,GOWEN,AVE,
W GOWEN AVE,W,GOWEN,AVE,
GOWEN CIR,,GOWEN,CIR,
GRACE LN,,GRACE,LN,
GRAHAM ST,,GRAHAM,ST,
GRAKYN LN,,GRAKYN,LN,
W GRANGE AVE,W,GRANGE,AVE,
GRANITE ST,,GRANITE,ST,
GRANSBACK ST,,GRANSBACK,ST,
GRANT AVE,,GRANT,AVE,
GRANVILLE RD,,GRANVILLE,RD,
GRAPE ST,,GRAPE,ST,
N GRATZ ST,N,GRATZ,ST,
E GRAVERS LN,E,GRAVERS,LN,
W GRAVERS LN,W,GRAVERS,LN,
GRAY ST,,GRAY,ST,
GRAYS AVE,,GRAYS,AVE,
GRAYS LN,,GRAYS,LN,
GRAYS FERRY AVE,,GRAYS FERRY,AVE,
GRAYTON PL,,GRAYTON,PL,
GREBE PL,,GREBE,PL,
GREEBY ST,,GREEBY,ST,
GREEN LN,,GREEN,LN,
GREEN ST,,GREEN,ST,
GREEN TREE RD,,GREEN TREE,RD,
GREEN TREE RUN,,GREEN TREE,RUN,
GREEN VALLEY DR,,GREEN VALLEY,DR,
GREENACRES RD,,GREENACRES,RD,
GREENDALE RD,,GREENDALE,RD,
GREENE ST,,GREENE,ST,
GREENHILL LN,,GREENHILL,LN,
GREENHILL RD,,GREENHILL,RD,
GREENHILL APARTMENT DR,,GREENHILL APARTMENT,DR,
GREENLAND DR,,GREENLAND,DR,
GREENMOUNT RD,,GREENMOUNT,RD,
GREENOUGH ST,,GREENOUGH,ST,
GREENWAY AVE,,GREENWAY,AVE,
GREENWAY PL,,GREENWAY,PL,
GREENWICH ST,,GREENWICH,ST,
GREENWOOD ST,,GREENWOOD,ST,
GREGG ST,,GREGG,ST,
GREINER PL,,GREINER,PL,
GREINER RD,,GREINER,RD,
GREYCOURT RD,,GREYCOURT,RD,
GREYLOCK ST,,GREYLOCK,ST,
GREYMONT ST,,GREYMONT,ST,
GRIFFITH PL,,GRIFFITH,PL,
GRIFFITH ST,,GRIFFITH,ST,
GRISCOM ST,,GRISCOM,ST,
GROSBEAK PL,,GROSBEAK,PL,
N GROSS ST,N,GROSS,ST,
S GROSS ST,S,GROSS,ST,
GROVE AVE,,GROVE,AVE,
GROVE ST,,GROVE,ST,
GROVERS AVE,,GROVERS,AVE,
GUARDIAN DR,,GUARDIAN,DR,
GUEST ST,,GUEST,ST,
GUILFORD PL,,GUILFORD,PL,
GUILFORD ST,,GUILFORD,ST,
GURLEY RD,,GURLEY,RD,
E GURNEY ST,E,GURNEY,ST,
W GURNEY ST,W,GURNEY,ST,
GUYER AVE,,GUYER,AVE,
GYPSY LN,,GYPSY,LN,
H ST,,H,ST,
HADDINGTON LN,,HADDINGTON,LN,
HADDINGTON ST,,HADDINGTON,ST,
HADFIELD ST,,HADFIELD,ST,
E HAGERT ST,E,HAGERT,ST,
W HAGERT ST,W,HAGERT,ST,
HAGNER RD,,HAGNER,RD,
HAGNER ST,,HAGNER,ST,
HAGYS MILL RD,,HAGYS MILL,RD,
HAINES ST,,HAINES,ST,
E HAINES ST,E,HAINES,ST,
W HAINES ST,W,HAINES,ST,
HALDEMAN AVE,,HALDEMAN,AVE,
HALE ST,,HALE,ST,
HALL ST,,HALL,ST,
HALSEY PL,,HALSEY,PL,
HALSTEAD ST,,HALSTEAD,ST,
HAMILTON CIR,,HAMILTON,CIR,
HAMILTON ST,,HAMILTON,ST,
HAMILTON WALK,,HAMILTON,WALK,
HAMMOND AVE,,HAMMOND,AVE,
E HAMPTON RD,E,HAMPTON,RD,
W HAMPTON RD,W,HAMPTON,RD,
HAMPTON TER,,HAMPTON,TER,
N HANCOCK ST,N,HANCOCK,ST,
S HANCOCK ST,S,HANCOCK,ST,
HANFORD ST,,HANFORD,ST,
HANSBERRY ST,,HANSBERRY,ST,
HANSON SQ,,HANSON,SQ,
HANSON ST,,HANSON,ST,
HARBISON AVE,,HARBISON,AVE,
HARDY RD,,HARDY,RD,
HARGRAVE ST,,HARGRAVE,ST,
HARLAN ST,,HARLAN,ST,
HARLEY AVE,,HARLEY,AVE,
HARLEY DR,,HARLEY,DR,
HARLEY PL,,HARLEY,PL,
HARLEY TER,,HARLEY,TER,
HARMER ST,,HARMER,ST,
HARMON RD,,HARMON,RD,
S HARMONY ST,S,HARMONY,ST,
HARNER ST,,HARNER,ST,
E HAROLD ST,E,HAROLD,ST,
W HAROLD ST,W,HAROLD,ST,
E HARPER ST,E,HARPER,ST,
W HARPER ST,W,HARPER,ST,
HARRISON ST,,HARRISON,ST,
HARROW RD,,HARROW,RD,
HARSHAW ST,,HARSHAW,ST,
HART LN,,HART,LN,
HARTEL AVE,,HARTEL,AVE,
HARTRANFT ST,,HARTRANFT,ST,
HARTVILLE ST,,HARTVILLE,ST,
E HARTWELL LN,E,HARTWELL,LN,
W HARTWELL LN,W,HARTWELL,LN,
HARVARD PL,,HARVARD,PL,
HARVEY ST,,HARVEY,ST,
HASBROOK AVE,,HASBROOK,AVE,
HAVEN PL,,HAVEN,PL,
HAVERFORD AVE,,HAVERFORD,AVE,
HAVERFORD RD,,HAVERFORD,RD,
HAWLEY RD,,HAWLEY,RD,
HAWORTH ST,,HAWORTH,ST,
HAWTHORNE ST,,HAWTHORNE,ST,
HAYDEN ST,,HAYDEN,ST,
HAYES MANOR,,HAYES MANOR,, 
HAYNADIER ST,,HAYNADIER,ST,
HAYWOOD ST,,HAYWOOD,ST,
HAZEL AVE,,HAZEL,AVE,
HAZELHURST ST,,HAZELHURST,ST,
HAZELL LN,,HAZELL,LN,
HAZELWOOD DR,,HAZELWOOD,DR,
HAZELWOOD LN,,HAZELWOOD,LN,
E HAZZARD ST,E,HAZZARD,ST,
W HAZZARD ST,W,HAZZARD,ST,
HEACOCK LN,,HEACOCK,LN,
HEAD HOUSE CT,,HEAD HOUSE,CT,
HEALTH SCIENCES DR,,HEALTH SCIENCES,DR,
HEATH ST,,HEATH,ST,
HEATHER ST,,HEATHER,ST,
HEDGE ST,,HEDGE,ST,
HEDGEROW LN,,HEDGEROW,LN,
HEDLEY ST,,HEDLEY,ST,
HEFLIN RD,,HEFLIN,RD,
HEGERMAN ST,,HEGERMAN,ST,
HEGERMAN TER,,HEGERMAN,TER,
HEISKELL ST,,HEISKELL,ST,
HELEN ST,,HELEN,ST,
HELENE PL,,HELENE,PL,
HELLERMAN ST,,HELLERMAN,ST,
HELMER DR,,HELMER,DR,
N HEMBERGER ST,N,HEMBERGER,ST,
S HEMBERGER ST,S,HEMBERGER,ST,
HEMBERGER WAY,,HEMBERGER,WAY,
HEMLOCK DR,,HEMLOCK,DR,
HEMLOCK PL,,HEMLOCK,PL,
HEMLOCK ST,,HEMLOCK,ST,
HENDREN ST,,HENDREN,ST,
HENDRIX PL,,HENDRIX,PL,
HENDRIX ST,,HENDRIX,ST,
HENDRIX TER,,HENDRIX,TER,
HENLEY ST,,HENLEY,ST,
HENLY RD,,HENLY,RD,
HENNIG ST,,HENNIG,ST,
HENRY AVE,,HENRY,AVE,
HENSLOW PL,,HENSLOW,PL,
HERBERT CT,,HERBERT,CT,
HERBERT ST,,HERBERT,ST,
N HEREFORD LN,N,HEREFORD,LN,
S HEREFORD LN,S,HEREFORD,LN,
HERITAGE DR,,HERITAGE,DR,
HERKNESS ST,,HERKNESS,ST,
HERMAN ST,,HERMAN,ST,
HERMES PL,,HERMES,PL,
HERMIT LN,,HERMIT,LN,
HERMIT ST,,HERMIT,ST,
HERMIT TER,,HERMIT,TER,
HERMITAGE ST,,HERMITAGE,ST,
HERSCHEL PL,,HERSCHEL,PL,
HERSCHEL RD,,HERSCHEL,RD,
HESS ST,,HESS,ST,
HESTON ST,,HESTON,ST,
E HEWSON ST,E,HEWSON,ST,
W HEWSON ST,W,HEWSON,ST,
HEYWARD ST,,HEYWARD,ST,
HICKORY DR,,HICKORY,DR,
HICKORY HILL RD,,HICKORY HILL,RD,
N HICKS ST,N,HICKS,ST,
S HICKS ST,S,HICKS,ST,
HIGBEE ST,,HIGBEE,ST,
HIGBEE TER,,HIGBEE,TER,
HIGH ST,,HIGH,ST,
E HIGHLAND AVE,E,HIGHLAND,AVE,
W HIGHLAND AVE,W,HIGHLAND,AVE,
HILL RD,,HILL,RD,
HILL CREEK CIR,,HILL CREEK,CIR,
HILL CREEK CT,,HILL CREEK,CT,
E HILL CREEK DR,E,HILL CREEK,DR,
N HILL CREEK DR,N,HILL CREEK,DR,
S HILL CREEK DR,S,HILL CREEK,DR,
W HILL CREEK DR,W,HILL CREEK,DR,
HILL CREEK MALL,,HILL CREEK,MALL,
HILL CREEK PL,,HILL CREEK,PL,
HILL CREEK PRK,,HILL CREEK,PRK,
HILL CREEK TER,,HILL CREEK,TER,
HILLCREST AVE,,HILLCREST,AVE,
HILLSIDE AVE,,HILLSIDE,AVE,
HILLTOP RD,,HILLTOP,RD,
HILSPACH ST,,HILSPACH,ST,
E HILTON ST,E,HILTON,ST,
W HILTON ST,W,HILTON,ST,
HIOLA RD,,HIOLA,RD,
N HIRST ST,N,HIRST,ST,
S HIRST ST,S,HIRST,ST,
N HOBART ST,N,HOBART,ST,
HOBSON ST,,HOBSON,ST,
HOFF ST,,HOFF,ST,
HOFFMAN AVE,,HOFFMAN,AVE,
HOFFMAN CT,,HOFFMAN,CT,
HOFFMAN PL,,HOFFMAN,PL,
HOFFMAN ST,,HOFFMAN,ST,
HOFFNAGLE PL,,HOFFNAGLE,PL,
HOFFNAGLE ST,,HOFFNAGLE,ST,
HOG ISLAND RD,,HOG ISLAND,RD,
HOLBROOK ST,,HOLBROOK,ST,
HOLDEN ST,,HOLDEN,ST,
HOLLENBACK DR,,HOLLENBACK,DR,
HOLLINGSWORTH RD,,HOLLINGSWORTH,RD,
E HOLLINGSWORTH ST,E,HOLLINGSWORTH,ST,
W HOLLINGSWORTH ST,W,HOLLINGSWORTH,ST,
HOLLINS RD,,HOLLINS,RD,
HOLLIS ST,,HOLLIS,ST,
HOLLY MALL,,HOLLY,MALL,
HOLLY RD,,HOLLY,RD,
N HOLLY ST,N,HOLLY,ST,
S HOLLY ST,S,HOLLY,ST,
N HOLLYWOOD ST,N,HOLLYWOOD,ST,
S HOLLYWOOD ST,S,HOLLYWOOD,ST,
HOLME AVE,,HOLME,AVE,
HOLME CIR,,HOLME,CIR,
HOLME DR,,HOLME,DR,
HOLMEHURST AVE,,HOLMEHURST,AVE,
HOLMESBURG AVE,,HOLMESBURG,AVE,
HOLSTEIN AVE,,HOLSTEIN,AVE,
HOLYOKE RD,,HOLYOKE,RD,
HOMER ST,,HOMER,ST,
HOMESTEAD ST,,HOMESTEAD,ST,
HONEYSUCKLE LN,,HONEYSUCKLE,LN,
HOOPES ST,,HOOPES,ST,
HOPE ST,,HOPE,ST,
HORATIO RD,,HORATIO,RD,
HORNIG RD,,HORNIG,RD,
HORROCKS ST,,HORROCKS,ST,
HORTICULTURAL DR,,HORTICULTURAL,DR,
HORTON ST,,HORTON,ST,
HORTTER PL,,HORTTER,PL,
E HORTTER ST,E,HORTTER,ST,
W HORTTER ST,W,HORTTER,ST,
HOUGHTON PL,,HOUGHTON,PL,
HOUGHTON ST,,HOUGHTON,ST,
HOVEN RD,,HOVEN,RD,
N HOWARD ST,N,HOWARD,ST,
S HOWARD ST,S,HOWARD,ST,
HOWARD TER,,HOWARD,TER,
HOWARD ARTHUR DR,,HOWARD ARTHUR,DR,
HOWELL ST,,HOWELL,ST,
HOWER LN,,HOWER,LN,
HOWLAND ST,,HOWLAND,ST,
HULSEMAN ST,,HULSEMAN,ST,
HUMMINGBIRD PL,,HUMMINGBIRD,PL,
HUNTER ST,,HUNTER,ST,
E HUNTING PARK AVE,E,HUNTING PARK,AVE,
W HUNTING PARK AVE,W,HUNTING PARK,AVE,
W HUNTINGDON DR,W,HUNTINGDON,DR,
HUNTINGDON PIKE,,HUNTINGDON,PIKE,
E HUNTINGDON ST,E,HUNTINGDON,ST,
W HUNTINGDON ST,W,HUNTINGDON,ST,
HURLEY ST,,HURLEY,ST,
HURON ST,,HURON,ST,
HUTCHINSON PL,,HUTCHINSON,PL,
N HUTCHINSON ST,N,HUTCHINSON,ST,
S HUTCHINSON ST,S,HUTCHINSON,ST,
HUTTON ST,,HUTTON,ST,
HYDE ST,,HYDE,ST,
I ST,,I,ST,
IBIS PL,,IBIS,PL,
IDELL ST,,IDELL,ST,
IMOGENE ST,,IMOGENE,ST,
INA DR,,INA,DR,
INDEPENDENCE CT,,INDEPENDENCE,CT,
N INDEPENDENCE MALL E,N,INDEPENDENCE,MALL,E
N INDEPENDENCE MALL W,N,INDEPENDENCE,MALL,W
S INDEPENDENCE MALL E,S,INDEPENDENCE,MALL,E
S INDEPENDENCE MALL W,S,INDEPENDENCE,MALL,W
INDEPENDENCE ST,,INDEPENDENCE,ST,
INDIAN QUEEN LN,,INDIAN QUEEN,LN,
E INDIANA AVE,E,INDIANA,AVE,
W INDIANA AVE,W,INDIANA,AVE,
INDUSTRIAL HWY,,INDUSTRIAL,HWY,
INGERSOLL ST,,INGERSOLL,ST,
INGRAM ST,,INGRAM,ST,
INTREPID AVE,,INTREPID,AVE,
INVERNESS LN,,INVERNESS,LN,
INWOOD LN,,INWOOD,LN,
IONIC ST,,IONIC,ST,
IRIS LN,,IRIS,LN,
IRON PL,,IRON,PL,
IRVING ST,,IRVING,ST,
S ISEMINGER ST,S,ISEMINGER,ST,
ISLAND AVE,,ISLAND,AVE,
N ITHAN ST,N,ITHAN,ST,
S ITHAN ST,S,ITHAN,ST,
IVINETTA RD,,IVINETTA,RD,
IVINS RD,,IVINS,RD,
IVY HILL RD,,IVY HILL,RD,
J ST,,J,ST,
JACKSON PL,,JACKSON,PL,
JACKSON ST,,JACKSON,ST,
JACOB ST,,JACOB,ST,
JAMES ST,,JAMES,ST,
JAMESTOWN AVE,,JAMESTOWN,AVE,
JAMISON AVE,,JAMISON,AVE,
JANE ST,,JANE,ST,
JANICE ST,,JANICE,ST,
JANNETTE ST,,JANNETTE,ST,
JANNEY ST,,JANNEY,ST,
JASON PL,,JASON,PL,
JASPER ST,,JASPER,ST,
JAY PL,,JAY,PL,
JEANES PL,,JEANES,PL,
JEANES ST,,JEANES,ST,
JEFFERSON AVE,,JEFFERSON,AVE,
N JEFFERSON LN,N,JEFFERSON,LN,
JEFFERSON ST,,JEFFERSON,ST,
JENKS ST,,JENKS,ST,
JENNIFER RD,,JENNIFER,RD,
JENNIFER TER,,JENNIFER,TER,
JENNY PL,,JENNY,PL,
JERICHO RD,,JERICHO,RD,
W JEROME ST,W,JEROME,ST,
N JESSUP ST,N,JESSUP,ST,
S JESSUP ST,S,JESSUP,ST,
JOEY DR,,JOEY,DR,
JOHN ST,,JOHN,ST,
JOHN BARTRAM DR,,JOHN BARTRAM,DR,
JOHN F KENNEDY BLVD,,JOHN F KENNEDY,BLVD,
E JOHNSON ST,E,JOHNSON,ST,
W JOHNSON ST,W,JOHNSON,ST,
JOHNSTON ST,,JOHNSTON,ST,
JONATHAN PL,,JONATHAN,PL,
JOSEPH KELLY TER,,JOSEPH KELLY,TER,
JOSEPHINE ST,,JOSEPHINE,ST,
JOYCE ST,,JOYCE,ST,
JUDGE ST,,JUDGE,ST,
JUDSON ST,,JUDSON,ST,
JUDSON WAY,,JUDSON,WAY,
JUNE ST,,JUNE,ST,
E JUNIATA ST,E,JUNIATA,ST,
W JUNIATA ST,W,JUNIATA,ST,
N JUNIPER ST,N,JUNIPER,ST,
S JUNIPER ST,S,JUNIPER,ST,
K ST,,K,ST,
KALLASTE DR,,KALLASTE,DR,
KALOS ST,,KALOS,ST,
KANE RD,,KANE,RD,
KAREN ST,,KAREN,ST,
KATER ST,,KATER,ST,
KAUFFMAN ST,,KAUFFMAN,ST,
KAYFORD CIR,,KAYFORD,CIR,
KEELY CT,,KEELY,CT,
KEELY PL,,KEELY,PL,
KEELY ST,,KEELY,ST,
KEENAN ST,,KEENAN,ST,
KEIFFER ST,,KEIFFER,ST,
KEIM ST,,KEIM,ST,
KELLY DR,,KELLY,DR,
KELVIN AVE,,KELVIN,AVE,
KEMBLE AVE,,KEMBLE,AVE,
KENDRICK PL,,KENDRICK,PL,
KENDRICK ST,,KENDRICK,ST,
KENILWORTH AVE,,KENILWORTH,AVE,
KENILWORTH ST,,KENILWORTH,ST,
KENMORE RD,,KENMORE,RD,
KENNEDY CT,,KENNEDY,CT,
KENNEDY ST,,KENNEDY,ST,
KENNY RD,,KENNY,RD,
KENSINGTON AVE,,KENSINGTON,AVE,
KENT LN,,KENT,LN,
KENT RD,,KENT,RD,
KENTWOOD ST,,KENTWOOD,ST,
KENWYN ST,,KENWYN,ST,
KENYON ST,,KENYON,ST,
KERBAUGH ST,,KERBAUGH,ST,
KERN ST,,KERN,ST,
KERPER ST,,KERPER,ST,
KERSHAW ST,,KERSHAW,ST,
KESWICK CIR,,KESWICK,CIR,
KESWICK PLZ,,KESWICK,PLZ,
KESWICK RD,,KESWICK,RD,
E KESWICK RD,E,KESWICK,RD,
S KESWICK RD,S,KESWICK,RD,
W KESWICK RD,W,KESWICK,RD,
KESWICK TER,,KESWICK,TER,
KEVIN CT,,KEVIN,CT,
KEYSER ST,,KEYSER,ST,
KEYSTONE ST,,KEYSTONE,ST,
KILBURN RD,,KILBURN,RD,
KIMBALL ST,,KIMBALL,ST,
KIMBERLY DR,,KIMBERLY,DR,
KINDRED ST,,KINDRED,ST,
KING ST,,KING,ST,
KING ARTHUR RD,,KING ARTHUR,RD,
KINGFIELD RD,,KINGFIELD,RD,
KINGLET PL,,KINGLET,PL,
KINGS PL,,KINGS,PL,
KINGS GRANT DR,,KINGS GRANT,DR,
E KINGS OAK LN,E,KINGS OAK,LN,
N KINGS OAK LN,N,KINGS OAK,LN,
S KINGS OAK LN,S,KINGS OAK,LN,
W KINGS OAK LN,W,KINGS OAK,LN,
KINGSESSING AVE,,KINGSESSING,AVE,
KINGSESSING MALL,,KINGSESSING,MALL,
KINGSLEY CT,,KINGSLEY,CT,
KINGSLEY ST,,KINGSLEY,ST,
W KINGSLEY ST,W,KINGSLEY,ST,
KINGSTON ST,,KINGSTON,ST,
KINSDALE ST,,KINSDALE,ST,
KINSEY ST,,KINSEY,ST,
KIP ST,,KIP,ST,
KIPLING LN,,KIPLING,LN,
KIPLING PL,,KIPLING,PL,
KIRBY DR,,KIRBY,DR,
KIRKBRIDE ST,,KIRKBRIDE,ST,
KIRKWOOD RD,,KIRKWOOD,RD,
KISMET RD,,KISMET,RD,
KISMET TER,,KISMET,TER,
KITCHENS LN,,KITCHENS,LN,
KITTY HAWK AVE,,KITTY HAWK,AVE,
KNIGHTS PL,,KNIGHTS,PL,
KNIGHTS RD,,KNIGHTS,RD,
KNIGHTS TER,,KNIGHTS,TER,
KNORR ST,,KNORR,ST,
KNOX ST,,KNOX,ST,
KOHL ST,,KOHL,ST,
KONRAD PL,,KONRAD,PL,
KOVATS DR,,KOVATS,DR,
KRAIL ST,,KRAIL,ST,
KRAMS AVE,,KRAMS,AVE,
KRAYDOR ST,,KRAYDOR,ST,
KREWSONS ALY,,KREWSONS,ALY,
KREWSTOWN RD,,KREWSTOWN,RD,
KUBACH RD,,KUBACH,RD,
KYLE RD,,KYLE,RD,
L ST,,L,ST,
LACKLAND DR,,LACKLAND,DR,
LACKLAND PL,,LACKLAND,PL,
LACKLAND TER,,LACKLAND,TER,
LAFAYETTE PL,,LAFAYETTE,PL,
LAFAYETTE ST,,LAFAYETTE,ST,
LAIDLEY RD,,LAIDLEY,RD,
LAIRD ST,,LAIRD,ST,
LAKESIDE AVE,,LAKESIDE,AVE,
LAMAR PL,,LAMAR,PL,
N LAMBERT ST,N,LAMBERT,ST,
S LAMBERT ST,S,LAMBERT,ST,
LANCASTER AVE,,LANCASTER,AVE,
LANCASTER WALK,,LANCASTER,WALK,
LANCELOT PL,,LANCELOT,PL,
LANDIS ST,,LANDIS,ST,
LANETT RD,,LANETT,RD,
LANFAIR RD,,LANFAIR,RD,
LANGDON ST,,LANGDON,ST,
LANGLEY AVE,,LANGLEY,AVE,
LANGTON PL,,LANGTON,PL,
LANIER AVE,,LANIER,AVE,
LANKENAU AVE,,LANKENAU,AVE,
LANKENAU RD,,LANKENAU,RD,
LANSDOWNE AVE,,LANSDOWNE,AVE,
LANSDOWNE DR,,LANSDOWNE,DR,
LANSFORD ST,,LANSFORD,ST,
LANSING ST,,LANSING,ST,
LANTERN LN,,LANTERN,LN,
LANVALE PL,,LANVALE,PL,
LAPSLEY LN,,LAPSLEY,LN,
LAPSLEY WAY,,LAPSLEY,WAY,
LAPWING PL,,LAPWING,PL,
LARAMIE PL,,LARAMIE,PL,
LARAMIE RD,,LARAMIE,RD,
LARCHWOOD AVE,,LARCHWOOD,AVE,
LARDNER ST,,LARDNER,ST,
LARDNER TER,,LARDNER,TER,
LARE ST,,LARE,ST,
LARGE ST,,LARGE,ST,
LARK PL,,LARK,PL,
LARKSPUR PL,,LARKSPUR,PL,
LARKSPUR ST,,LARKSPUR,ST,
LARRY ST,,LARRY,ST,
LARUE ST,,LARUE,ST,
LATIMER ST,,LATIMER,ST,
LATONA ST,,LATONA,ST,
LAUGHLIN LN,,LAUGHLIN,LN,
LAURA LN,,LAURA,LN,
LAURA PL,,LAURA,PL,
W LAUREL AVE,W,LAUREL,AVE,
LAUREL ST,,LAUREL,ST,
LAURENS ST,,LAURENS,ST,
LAURIE LN,,LAURIE,LN,
LAURISTON ST,,LAURISTON,ST,
W LAVEER ST,W,LAVEER,ST,
LAVENDER PL,,LAVENDER,PL,
LAVENDER ST,,LAVENDER,ST,
LAVENDER TRL,,LAVENDER,TRL,
LAWLER PL,,LAWLER,PL,
LAWLER ST,,LAWLER,ST,
LAWLER TER,,LAWLER,TER,
LAWN ST,,LAWN,ST,
LAWNBROOK RD,,LAWNBROOK,RD,
LAWNDALE AVE,,LAWNDALE,AVE,
LAWNDALE ST,,LAWNDALE,ST,
LAWNSIDE RD,,LAWNSIDE,RD,
LAWNTON AVE,,LAWNTON,AVE,
LAWNTON ST,,LAWNTON,ST,
LAWRENCE CT,,LAWRENCE,CT,
N LAWRENCE ST,N,LAWRENCE,ST,
S LAWRENCE ST,S,LAWRENCE,ST,
LAWRENCE COURT WALK,,LAWRENCE COURT,WALK,
LAYTON RD,,LAYTON,RD,
LEAGUE ST,,LEAGUE,ST,
LEAGUE ISLAND BLVD,,LEAGUE ISLAND,BLVD,
LEBANON AVE,,LEBANON,AVE,
N LEE ST,N,LEE,ST,
S LEE ST,S,LEE,ST,
LEE LYNN LN,,LEE LYNN,LN,
LEEDS ST,,LEEDS,ST,
LEFEVRE ST,,LEFEVRE,ST,
LEGION PL,,LEGION,PL,
LEGION ST,,LEGION,ST,
E LEHIGH AVE,E,LEHIGH,AVE,
W LEHIGH AVE,W,LEHIGH,AVE,
LEHMAN LN,,LEHMAN,LN,
LEIDEL AVE,,LEIDEL,AVE,
LEIDY AVE,,LEIDY,AVE,
LEIPER ST,,LEIPER,ST,
N LEITHGOW ST,N,LEITHGOW,ST,
S LEITHGOW ST,S,LEITHGOW,ST,
LELAND ST,,LELAND,ST,
LEMON ST,,LEMON,ST,
LEMON HILL DR,,LEMON HILL,DR,
N LEMON HILL DR,N,LEMON HILL,DR,
LEMONTE ST,,LEMONTE,ST,
LENA ST,,LENA,ST,
LENAPE RD,,LENAPE,RD,
LENOLA ST,,LENOLA,ST,
LENOX AVE,,LENOX,AVE,
LENSEN ST,,LENSEN,ST,
LEON ST,,LEON,ST,
LEONARD ST,,LEONARD,ST,
LEOPARD ST,,LEOPARD,ST,
LEROY ST,,LEROY,ST,
LESHER ST,,LESHER,ST,
LESTER PL,,LESTER,PL,
LESTER RD,,LESTER,RD,
LETITIA ST,,LETITIA,ST,
LETITIA WALK,,LETITIA,WALK,
E LETTERLY ST,E,LETTERLY,ST,
W LETTERLY ST,W,LETTERLY,ST,
LEVERING ST,,LEVERING,ST,
LEVERINGTON AVE,,LEVERINGTON,AVE,
LEVICK ST,,LEVICK,ST,
LEWIN PL,,LEWIN,PL,
LEWIS ST,,LEWIS,ST,
LEX ST,,LEX,ST,
LEXINGTON AVE,,LEXINGTON,AVE,
LEYTE PL,,LEYTE,PL,
LIACOURAS WALK,,LIACOURAS,WALK,
LIBERTY LN,,LIBERTY,LN,
LIBERTY BELL BLVD,,LIBERTY BELL,BLVD,
LILAC DR,,LILAC,DR,
LIMA ST,,LIMA,ST,
LIMEKILN PIKE,,LIMEKILN,PIKE,
LINCOLN AVE,,LINCOLN,AVE,
LINCOLN DR,,LINCOLN,DR,
LINCOLN DRIVE TRL,,LINCOLN DRIVE,TRL,
LINDA PL,,LINDA,PL,
LINDBERGH BLVD,,LINDBERGH,BLVD,
LINDEN AVE,,LINDEN,AVE,
LINDEN PL,,LINDEN,PL,
LINDEN TER,,LINDEN,TER,
LINDENHURST ST,,LINDENHURST,ST,
N LINDENWOOD ST,N,LINDENWOOD,ST,
S LINDENWOOD ST,S,LINDENWOOD,ST,
LINDLEY AVE,,LINDLEY,AVE,
LINDSAY ST,,LINDSAY,ST,
LINMORE AVE,,LINMORE,AVE,
LINN ST,,LINN,ST,
LINNEY ST,,LINNEY,ST,
LINTON ST,,LINTON,ST,
E LIPPINCOTT ST,E,LIPPINCOTT,ST,
W LIPPINCOTT ST,W,LIPPINCOTT,ST,
LISTER ST,,LISTER,ST,
LITCHFIELD ST,,LITCHFIELD,ST,
LITTLE BOYS CT,,LITTLE BOYS,CT,
LITTLE SIGEL ST,,LITTLE SIGEL,ST,
LIVEZEY LN,,LIVEZEY,LN,
LIVEZEY ST,,LIVEZEY,ST,
LIVINGSTON ST,,LIVINGSTON,ST,
S LLOYD CT,S,LLOYD,CT,
LLOYD ST,,LLOYD,ST,
LOCHWOOD RD,,LOCHWOOD,RD,
LOCK ST,,LOCK,ST,
LOCKART CT,,LOCKART,CT,
LOCKART LN,,LOCKART,LN,
LOCKART PL,,LOCKART,PL,
LOCKART PLZ,,LOCKART,PLZ,
LOCKART RD,,LOCKART,RD,
LOCKART TER,,LOCKART,TER,
LOCUST AVE,,LOCUST,AVE,
LOCUST ST,,LOCUST,ST,
LOCUST WALK,,LOCUST,WALK,
LODGE RD,,LODGE,RD,
LOFTY ST,,LOFTY,ST,
LOGAN CIR E,,LOGAN,CIR,E
LOGAN CIR W,,LOGAN,CIR,W
LOGAN CT,,LOGAN,CT,
E LOGAN ST,E,LOGAN,ST,
W LOGAN ST,W,LOGAN,ST,
LOMBARD CIR,,LOMBARD,CIR,
LOMBARD MEWS,,LOMBARD,MEWS,
LOMBARD ST,,LOMBARD,ST,
LOMOND LN,,LOMOND,LN,
LONDON RD,,LONDON,RD,
LONEY ST,,LONEY,ST,
LONGFORD ST,,LONGFORD,ST,
LONGMEAD LN,,LONGMEAD,LN,
LONGSHORE AVE,,LONGSHORE,AVE,
LONGSPUR PL,,LONGSPUR,PL,
LORETTO AVE,,LORETTO,AVE,
LORI LN,,LORI,LN,
LORING ST,,LORING,ST,
LORNA DR,,LORNA,DR,
LORRAINE ST,,LORRAINE,ST,
LORRY PL,,LORRY,PL,
LOTHIAN PL,,LOTHIAN,PL,
LOTT AVE,,LOTT,AVE,
LOTUS RD,,LOTUS,RD,
E LOUDON ST,E,LOUDON,ST,
W LOUDON ST,W,LOUDON,ST,
LOUIS CT,,LOUIS,CT,
LOUISE ST,,LOUISE,ST,
LOVATT TER,,LOVATT,TER,
LOWBER AVE,,LOWBER,AVE,
LOWBER ST,,LOWBER,ST,
LOXLEY CT,,LOXLEY,CT,
LUDLOW ST,,LUDLOW,ST,
LUDWICK ST,,LUDWICK,ST,
LUKENS ST,,LUKENS,ST,
E LURAY ST,E,LURAY,ST,
W LURAY ST,W,LURAY,ST,
LUTHER PL,,LUTHER,PL,
E LUZERNE ST,E,LUZERNE,ST,
W LUZERNE ST,W,LUZERNE,ST,
LYCEUM AVE,,LYCEUM,AVE,
E LYCOMING ST,E,LYCOMING,ST,
W LYCOMING ST,W,LYCOMING,ST,
LYFORD ST,,LYFORD,ST,
LYKENS LN,,LYKENS,LN,
LYMAN DR,,LYMAN,DR,
LYNFORD ST,,LYNFORD,ST,
LYNNEBROOK LN,,LYNNEBROOK,LN,
LYNNEWOOD RD,,LYNNEWOOD,RD,
LYONS AVE,,LYONS,AVE,
LYONS PL,,LYONS,PL,
M ST,,M,ST,
MACALESTER ST,,MACALESTER,ST,
MACON ST,,MACON,ST,
MADISON AVE,,MADISON,AVE,
MADISON PL,,MADISON,PL,
MADISON SQ,,MADISON,SQ,
E MADISON ST,E,MADISON,ST,
W MADISON ST,W,MADISON,ST,
MAGDALENA ST,,MAGDALENA,ST,
MAGEE AVE,,MAGEE,AVE,
MAGNOLIA PL,,MAGNOLIA,PL,
MAGNOLIA ST,,MAGNOLIA,ST,
MAIDEN LN,,MAIDEN,LN,
MAIDEN ST,,MAIDEN,ST,
MAIN ST,,MAIN,ST,
MALCOLM ST,,MALCOLM,ST,
MALLARD PL,,MALLARD,PL,
MALLORY ST,,MALLORY,ST,
MALTA ST,,MALTA,ST,
MALVERN AVE,,MALVERN,AVE,
MANATAWNA AVE,,MANATAWNA,AVE,
MANAYUNK AVE,,MANAYUNK,AVE,
MANCHESTER ST,,MANCHESTER,ST,
MANDELA WAY,,MANDELA,WAY,
MANDERSON ST,,MANDERSON,ST,
MANHEIM ST,,MANHEIM,ST,
MANNING ST,,MANNING,ST,
MANOR ST,,MANOR,ST,
MANSFIELD AVE,,MANSFIELD,AVE,
MANSION ST,,MANSION,ST,
MANTI ST,,MANTI,ST,
MANTON ST,,MANTON,ST,
MANTUA AVE,,MANTUA,AVE,
MAPLE AVE,,MAPLE,AVE,
MAPLE LN,,MAPLE,LN,
MAPLEWOOD AVE,,MAPLEWOOD,AVE,
MAPLEWOOD MALL,,MAPLEWOOD,MALL,
MARCELLA ST,,MARCELLA,ST,
MARCHMAN RD,,MARCHMAN,RD,
MARCY PL,,MARCY,PL,
MARGARET PL,,MARGARET,PL,
MARGARET ST,,MARGARET,ST,
MARGIE ST,,MARGIE,ST,
N MARGINAL RD,N,MARGINAL,RD,
MARIGOLD LN,,MARIGOLD,LN,
MARIGOLD PL,,MARIGOLD,PL,
MARIO LANZA BLVD,,MARIO LANZA,BLVD,
MARION LN,,MARION,LN,
MARION ST,,MARION,ST,
MARIS ST,,MARIS,ST,
MARITA ST,,MARITA,ST,
MARK PL,,MARK,PL,
MARKET SQ,,MARKET,SQ,
MARKET ST,,MARKET,ST,
MARKLAND ST,,MARKLAND,ST,
MARKLE ST,,MARKLE,ST,
N MARKOE ST,N,MARKOE,ST,
S MARKOE ST,S,MARKOE,ST,
MARLBOROUGH ST,,MARLBOROUGH,ST,
MARLEY RD,,MARLEY,RD,
MARLOW ST,,MARLOW,ST,
MARLTON AVE,,MARLTON,AVE,
MARLYN RD,,MARLYN,RD,
MARPLE DR,,MARPLE,DR,
MARPLE ST,,MARPLE,ST,
MARS PL,,MARS,PL,
MARSDEN ST,,MARSDEN,ST,
MARSHALL CT,,MARSHALL,CT,
MARSHALL PL,,MARSHALL,PL,
MARSHALL RD,,MARSHALL,RD,
MARSHALL ST,,MARSHALL,ST,
N MARSHALL ST,N,MARSHALL,ST,
S MARSHALL ST,S,MARSHALL,ST,
MARSHALLS CT,,MARSHALLS,CT,
MARSTAN RD,,MARSTAN,RD,
MARSTON CT,,MARSTON,CT,
N MARSTON ST,N,MARSTON,ST,
S MARSTON ST,S,MARSTON,ST,
MARSTON TER,,MARSTON,TER,
MARTHA ST,,MARTHA,ST,
MARTIN ST,,MARTIN,ST,
MARTIN LUTHER KING DR,,MARTIN LUTHER KING,DR,
MARTINDALE ST,,MARTINDALE,ST,
MARTINS MILL RD,,MARTINS MILL,RD,
N MARVINE ST,N,MARVINE,ST,
S MARVINE ST,S,MARVINE,ST,
MARWOOD RD,,MARWOOD,RD,
MASCHER ST,,MASCHER,ST,
MASLAND ST,,MASLAND,ST,
MASSEY ST,,MASSEY,ST,
MASSEY WAY,,MASSEY,WAY,
MASTER ST,,MASTER,ST,
MATHER ST,,MATHER,ST,
MATTHEWS ST,,MATTHEWS,ST,
MATTHIAS ST,,MATTHIAS,ST,
MAUREEN DR,,MAUREEN,DR,
MAXWELL PL,,MAXWELL,PL,
MAXWELL ST,,MAXWELL,ST,
MAY PL,,MAY,PL,
N MAY ST,N,MAY,ST,
S MAY ST,S,MAY,ST,
MAYFAIR ST,,MAYFAIR,ST,
E MAYFIELD ST,E,MAYFIELD,ST,
W MAYFIELD ST,W,MAYFIELD,ST,
MAYLAND RD,,MAYLAND,RD,
MAYLAND ST,,MAYLAND,ST,
MAYWOOD ST,,MAYWOOD,ST,
MC CALLUM ST,,MC CALLUM,ST,
MC CARTHY CIR,,MC CARTHY,CIR,
MC CLELLAN ST,,MC CLELLAN,ST,
MC FADDEN DR,,MC FADDEN,DR,
MC FERRAN ST,,MC FERRAN,ST,
MC HALE WALK,,MC HALE,WALK,
MC KEAN AVE,,MC KEAN,AVE,
MC KEAN ST,,MC KEAN,ST,
MC KINLEY ST,,MC KINLEY,ST,
MC MAHON AVE,,MC MAHON,AVE,
MC MENAMY ST,,MC MENAMY,ST,
MC MICHAEL ST,,MC MICHAEL,ST,
MC NULTY RD,,MC NULTY,RD,
MC PHERSON ST,,MC PHERSON,ST,
MCCANN ST,,MCCANN,ST,
MCCARTHY ST,,MCCARTHY,ST,
E MEADE ST,E,MEADE,ST,
W MEADE ST,W,MEADE,ST,
MEADOW LN,,MEADOW,LN,
MEADOW ST,,MEADOW,ST,
MEADOWBROOK AVE,,MEADOWBROOK,AVE,
MEADOWBROOK DR,,MEADOWBROOK,DR,
MEADOWBROOK LN,,MEADOWBROOK,LN,
MEADOWLARK PL,,MEADOWLARK,PL,
MEBUS ST,,MEBUS,ST,
MECHANIC ST,,MECHANIC,ST,
MECHANICSVILLE PL,,MECHANICSVILLE,PL,
MECHANICSVILLE RD,,MECHANICSVILLE,RD,
MEDARY AVE,,MEDARY,AVE,
MEDFORD PL,,MEDFORD,PL,
MEDFORD RD,,MEDFORD,RD,
MEDIA ST,,MEDIA,ST,
MEDINA ST,,MEDINA,ST,
MEDRICK PL,,MEDRICK,PL,
MEDWAY RD,,MEDWAY,RD,
MEEHAN AVE,,MEEHAN,AVE,
MEETING HOUSE LN,,MEETING HOUSE,LN,
MEETING HOUSE RD,,MEETING HOUSE,RD,
MEETINGHOUSE DR,,MEETINGHOUSE,DR,
MEGARGEE ST,,MEGARGEE,ST,
MELITE PL,,MELITE,PL,
MELLON ST,,MELLON,ST,
MELON PL,,MELON,PL,
MELON ST,,MELON,ST,
MELROSE ST,,MELROSE,ST,
MELVALE ST,,MELVALE,ST,
S MELVILLE ST,S,MELVILLE,ST,
MELVIN ST,,MELVIN,ST,
MEMORIAL AVE,,MEMORIAL,AVE,
E MEMORIAL HALL DR,E,MEMORIAL HALL,DR,
W MEMORIAL HALL DR,W,MEMORIAL HALL,DR,
MEMPHIS ST,,MEMPHIS,ST,
E MENTOR ST,E,MENTOR,ST,
W MENTOR ST,W,MENTOR,ST,
MERCER ST,,MERCER,ST,
MERCURY PL,,MERCURY,PL,
MERCY ST,,MERCY,ST,
MEREDITH RD,,MEREDITH,RD,
MEREDITH ST,,MEREDITH,ST,
MERGANSER PL,,MERGANSER,PL,
MERIBROOK RD,,MERIBROOK,RD,
MERIDIAN ST,,MERIDIAN,ST,
MERION AVE,,MERION,AVE,
MERION RD,,MERION,RD,
MERLIN PL,,MERLIN,PL,
MERLIN RD,,MERLIN,RD,
MERMAID LN,,MERMAID,LN,
E MERMAID LN,E,MERMAID,LN,
W MERMAID LN,W,MERMAID,LN,
MERRICK RD,,MERRICK,RD,
MERRICK ST,,MERRICK,ST,
MERSHON ST,,MERSHON,ST,
MESSINA WAY,,MESSINA,WAY,
MEYER PL,,MEYER,PL,
MICA ST,,MICA,ST,
MICHAEL RD,,MICHAEL,RD,
MICHELLE DR,,MICHELLE,DR,
MICHENER AVE,,MICHENER,AVE,
MICHENER ST,,MICHENER,ST,
MIDDLETON ST,,MIDDLETON,ST,
MIDIS PL,,MIDIS,PL,
MIDLAND AVE,,MIDLAND,AVE,
MIDVALE AVE,,MIDVALE,AVE,
MIFFLIN ST,,MIFFLIN,ST,
MILAN ST,,MILAN,ST,
MILANO DR,,MILANO,DR,
S MILDRED ST,S,MILDRED,ST,
MILFORD ST,,MILFORD,ST,
MILL ST,,MILL,ST,
MILLBROOK PL,,MILLBROOK,PL,
MILLBROOK RD,,MILLBROOK,RD,
MILLER ST,,MILLER,ST,
MILLETT ST,,MILLETT,ST,
N MILLICK ST,N,MILLICK,ST,
S MILLICK ST,S,MILLICK,ST,
MILLMAN PL,,MILLMAN,PL,
MILLMAN ST,,MILLMAN,ST,
MILLWOOD RD,,MILLWOOD,RD,
MILNE ST,,MILNE,ST,
MILNOR ST,,MILNOR,ST,
MILTON ST,,MILTON,ST,
MIMI CIR,,MIMI,CIR,
E MIMI CIR,E,MIMI,CIR,
W MIMI CIR,W,MIMI,CIR,
MIMOSA DR,,MIMOSA,DR,
MINDEN RD,,MINDEN,RD,
MINERVA ST,,MINERVA,ST,
MINGO AVE,,MINGO,AVE,
MINTZER ST,,MINTZER,ST,
MIRIAM RD,,MIRIAM,RD,
MITCHELL ST,,MITCHELL,ST,
MODENA DR,,MODENA,DR,
MODENA PL,,MODENA,PL,
MODENA TER,,MODENA,TER,
MOHICAN ST,,MOHICAN,ST,
N MOLE ST,N,MOLE,ST,
S MOLE ST,S,MOLE,ST,
MOLLBORE TER,,MOLLBORE,TER,
MONASTERY AVE,,MONASTERY,AVE,
E MONMOUTH ST,E,MONMOUTH,ST,
W MONMOUTH ST,W,MONMOUTH,ST,
MONROE ST,,MONROE,ST,
MONTAGUE ST,,MONTAGUE,ST,
MONTANA ST,,MONTANA,ST,
MONTEREY ST,,MONTEREY,ST,
E MONTGOMERY AVE,E,MONTGOMERY,AVE,
W MONTGOMERY AVE,W,MONTGOMERY,AVE,
MONTGOMERY DR,,MONTGOMERY,DR,
MONTGOMERY ST,,MONTGOMERY,ST,
MONTICELLO ST,,MONTICELLO,ST,
MONTOUR ST,,MONTOUR,ST,
MONTROSE ST,,MONTROSE,ST,
MONUMENT RD,,MONUMENT,RD,
MONUMENT ST,,MONUMENT,ST,
MOORE ST,,MOORE,ST,
MORAVIAN ST,,MORAVIAN,ST,
MORDECAI RD,,MORDECAI,RD,
MOREDON RD,,MOREDON,RD,
MOREDUN AVE,,MOREDUN,AVE,
MOREDUN PL,,MOREDUN,PL,
MOREFIELD PL,,MOREFIELD,PL,
MOREFIELD RD,,MOREFIELD,RD,
E MORELAND AVE,E,MORELAND,AVE,
W MORELAND AVE,W,MORELAND,AVE,
MORELAND CIR,,MORELAND,CIR,
MORELAND RD,,MORELAND,RD,
MORNING GLORY RD,,MORNING GLORY,RD,
MORO ST,,MORO,ST,
MORRELL AVE,,MORRELL,AVE,
MORRELL CIR,,MORRELL,CIR,
MORRELL ST,,MORRELL,ST,
MORRIS ST,,MORRIS,ST,
MORRIS PARK RD,,MORRIS PARK,RD,
MORSE ST,,MORSE,ST,
MORTON ST,,MORTON,ST,
MOSS ST,,MOSS,ST,
E MOUNT AIRY AVE,E,MOUNT AIRY,AVE,
W MOUNT AIRY AVE,W,MOUNT AIRY,AVE,
MOUNT AIRY PL,,MOUNT AIRY,PL,
MOUNT AIRY TER,,MOUNT AIRY,TER,
E MOUNT PLEASANT AVE,E,MOUNT PLEASANT,AVE,
N MOUNT PLEASANT AVE,N,MOUNT PLEASANT,AVE,
W MOUNT PLEASANT AVE,W,MOUNT PLEASANT,AVE,
MOUNT PLEASANT DR,,MOUNT PLEASANT,DR,
MOUNT PLEASANT PL,,MOUNT PLEASANT,PL,
N MOUNT PLEASANT RD,N,MOUNT PLEASANT,RD,
S MOUNT PLEASANT RD,S,MOUNT PLEASANT,RD,
MOUNT VERNON ST,,MOUNT VERNON,ST,
MOUNTAIN AVE,,MOUNTAIN,AVE,
MOUNTAIN ST,,MOUNTAIN,ST,
MOWER ST,,MOWER,ST,
E MOYAMENSING AVE,E,MOYAMENSING,AVE,
W MOYAMENSING AVE,W,MOYAMENSING,AVE,
MOYAMENSING RD,,MOYAMENSING,RD,
MOYER ST,,MOYER,ST,
MOYLAN ST,,MOYLAN,ST,
MOZART PL,,MOZART,PL,
MUHFELD ST,,MUHFELD,ST,
MULBERRY ST,,MULBERRY,ST,
MUNROE RD,,MUNROE,RD,
MURDOCH RD,,MURDOCH,RD,
MURRAY ST,,MURRAY,ST,
MURTY LN,,MURTY,LN,
MUSGRAVE ST,,MUSGRAVE,ST,
MUSTIN ST,,MUSTIN,ST,
MUTTER ST,,MUTTER,ST,
MYERS CIR,,MYERS,CIR,
MYRTLE ST,,MYRTLE,ST,
N MYRTLEWOOD ST,N,MYRTLEWOOD,ST,
S MYRTLEWOOD ST,S,MYRTLEWOOD,ST,
NANDINA CT,,NANDINA,CT,
NANDINA LN,,NANDINA,LN,
NANDINA PL,,NANDINA,PL,
NANDINA PLZ,,NANDINA,PLZ,
NANDINA ST,,NANDINA,ST,
NANDINA TER,,NANDINA,TER,
NANDINA WAY,,NANDINA,WAY,
NANTON DR,,NANTON,DR,
NANTON PL,,NANTON,PL,
NANTON TER,,NANTON,TER,
NAOMI ST,,NAOMI,ST,
N NAPA ST,N,NAPA,ST,
S NAPA ST,S,NAPA,ST,
NAPFLE AVE,,NAPFLE,AVE,
NAPIER ST,,NAPIER,ST,
NAPLES ST,,NAPLES,ST,
NAPOLI WAY,,NAPOLI,WAY,
NARCISSUS RD,,NARCISSUS,RD,
NARRAGANSETT PL,,NARRAGANSETT,PL,
NARRAGANSETT ST,,NARRAGANSETT,ST,
NARVON ST,,NARVON,ST,
NASH LN,,NASH,LN,
NASSAU RD,,NASSAU,RD,
NASSAU ST,,NASSAU,ST,
NATHANIEL PL,,NATHANIEL,PL,
NATIONAL ST,,NATIONAL,ST,
N NATRONA ST,N,NATRONA,ST,
S NATRONA ST,S,NATRONA,ST,
NATURE RD,,NATURE,RD,
NAUDAIN ST,,NAUDAIN,ST,
NAULDO RD,,NAULDO,RD,
NAUTILUS RD,,NAUTILUS,RD,
NAVAJO ST,,NAVAJO,ST,
NECTARINE ST,,NECTARINE,ST,
NEDLA RD,,NEDLA,RD,
E NEDRO AVE,E,NEDRO,AVE,
W NEDRO AVE,W,NEDRO,AVE,
NEHEMIAH WAY,,NEHEMIAH,WAY,
NEIL RD,,NEIL,RD,
NEILL DR,,NEILL,DR,
NEILSON ST,,NEILSON,ST,
NELSON ST,,NELSON,ST,
NEPTUNE CT,,NEPTUNE,CT,
NEPTUNE RD,,NEPTUNE,RD,
NESPER ST,,NESPER,ST,
NESTER PL,,NESTER,PL,
NESTER ST,,NESTER,ST,
NESTLING RD,,NESTLING,RD,
NESTOR RD,,NESTOR,RD,
E NETHERFIELD RD,E,NETHERFIELD,RD,
W NETHERFIELD RD,W,NETHERFIELD,RD,
E NEVADA ST,E,NEVADA,ST,
W NEVADA ST,W,NEVADA,ST,
NEW PL,,NEW,PL,
NEW ST,,NEW,ST,
NEW HOPE ST,,NEW HOPE,ST,
NEW MARKET ST,,NEW MARKET,ST,
NEW QUEEN ST,,NEW QUEEN,ST,
NEW SECOND ST,,NEW SECOND,ST,
NEW STATE RD,,NEW STATE,RD,
NEWBERRY RD,,NEWBERRY,RD,
NEWCOMB ST,,NEWCOMB,ST,
NEWHALL ST,,NEWHALL,ST,
N NEWKIRK ST,N,NEWKIRK,ST,
S NEWKIRK ST,S,NEWKIRK,ST,
NEWLAND ST,,NEWLAND,ST,
NEWPORT PL,,NEWPORT,PL,
NEWTON ST,,NEWTON,ST,
NEWTOWN AVE,,NEWTOWN,AVE,
NICE ST,,NICE,ST,
NICETOWN LN,,NICETOWN,LN,
NICHOLAS ST,,NICHOLAS,ST,
NICKLAUS DR,,NICKLAUS,DR,
NIGHTINGALE RD,,NIGHTINGALE,RD,
NIPPON ST,,NIPPON,ST,
NITTANY LN,,NITTANY,LN,
NIXON ST,,NIXON,ST,
NOBLE ST,,NOBLE,ST,
NOLAN ST,,NOLAN,ST,
NORCOM CT,,NORCOM,CT,
NORCOM RD,,NORCOM,RD,
NORCROSS LN,,NORCROSS,LN,
NORFOLK ST,,NORFOLK,ST,
NORMAN LN,,NORMAN,LN,
NORMANDY DR,,NORMANDY,DR,
NORMANDY PL,,NORMANDY,PL,
NORRIS CT,,NORRIS,CT,
NORRIS DR,,NORRIS,DR,
E NORRIS ST,E,NORRIS,ST,
W NORRIS ST,W,NORRIS,ST,
NORTH ST,,NORTH,ST,
NORTH TER,,NORTH,TER,
NORTH ACCESS RD,,NORTH ACCESS,RD,
NORTH TERMINAL AVE,,NORTH TERMINAL,AVE,
NORTHEAST AVE,,NORTHEAST,AVE,
NORTHEAST BLVD,,NORTHEAST,BLVD,
NORTHVIEW RD,,NORTHVIEW,RD,
NORTHWESTERN AVE,,NORTHWESTERN,AVE,
E NORTHWESTERN AVE,E,NORTHWESTERN,AVE,
W NORTHWESTERN AVE,W,NORTHWESTERN,AVE,
NORTHWOOD ST,,NORTHWOOD,ST,
NORVELT DR,,NORVELT,DR,
NORWALK RD,,NORWALK,RD,
NORWITCH DR,,NORWITCH,DR,
NORWOOD AVE,,NORWOOD,AVE,
N NORWOOD ST,N,NORWOOD,ST,
S NORWOOD ST,S,NORWOOD,ST,
NOTTINGHAM LN,,NOTTINGHAM,LN,
NOVACARE WAY,,NOVACARE,WAY,
NSAPHL FOUR ST,,NSAPHL FOUR,ST,
NSAPHL ONE ST,,NSAPHL ONE,ST,
NSAPHL THREE ST,,NSAPHL THREE,ST,
NSAPHL TWO ST,,NSAPHL TWO,ST,
O ST,,O,ST,
O NEIL ST,,O NEIL,ST,
OAK AVE,,OAK,AVE,
OAK DR,,OAK,DR,
OAK LN,,OAK,LN,
OAK RD,,OAK,RD,
OAK LANE RD,,OAK LANE,RD,
E OAKDALE ST,E,OAKDALE,ST,
W OAKDALE ST,W,OAKDALE,ST,
OAKFIELD LN,,OAKFIELD,LN,
OAKFORD ST,,OAKFORD,ST,
OAKHILL RD,,OAKHILL,RD,
OAKLAND ST,,OAKLAND,ST,
OAKLAND TER,,OAKLAND,TER,
OAKLEY ST,,OAKLEY,ST,
OAKMONT ST,,OAKMONT,ST,
ODDFELLOWS AVE,,ODDFELLOWS,AVE,
OGDEN CT,,OGDEN,CT,
OGDEN PL,,OGDEN,PL,
OGDEN ST,,OGDEN,ST,
OGLE ST,,OGLE,ST,
OGONTZ AVE,,OGONTZ,AVE,
OLD ASHTON RD,,OLD ASHTON,RD,
OLD BUSTLETON AVE,,OLD BUSTLETON,AVE,
OLD FARM RD,,OLD FARM,RD,
OLD LANCASTER RD,,OLD LANCASTER,RD,
OLD LINE RD,,OLD LINE,RD,
OLD NEWTOWN RD,,OLD NEWTOWN,RD,
OLD SECOND ST,,OLD SECOND,ST,
OLD SOLDIERS RD,,OLD SOLDIERS,RD,
OLD SWEDES CT,,OLD SWEDES,CT,
OLD TOWNSEND RD,,OLD TOWNSEND,RD,
OLD YORK RD,,OLD YORK,RD,
OLIVE ST,,OLIVE,ST,
E OLNEY AVE,E,OLNEY,AVE,
W OLNEY AVE,W,OLNEY,AVE,
OLYMPIA PL,,OLYMPIA,PL,
OLYMPUS PL,,OLYMPUS,PL,
E ONTARIO ST,E,ONTARIO,ST,
W ONTARIO ST,W,ONTARIO,ST,
N OPAL ST,N,OPAL,ST,
S OPAL ST,S,OPAL,ST,
ORANGE ST,,ORANGE,ST,
ORANGE TRL,,ORANGE,TRL,
ORCHARD LN,,ORCHARD,LN,
ORCHARD RD,,ORCHARD,RD,
ORCHARD ST,,ORCHARD,ST,
OREGON AVE,,OREGON,AVE,
OREGON ST,,OREGON,ST,
N ORIANNA ST,N,ORIANNA,ST,
S ORIANNA ST,S,ORIANNA,ST,
ORIOLE ST,,ORIOLE,ST,
ORION RD,,ORION,RD,
N ORKNEY ST,N,ORKNEY,ST,
S ORKNEY ST,S,ORKNEY,ST,
ORLAND ST,,ORLAND,ST,
E ORLEANS ST,E,ORLEANS,ST,
W ORLEANS ST,W,ORLEANS,ST,
ORMES ST,,ORMES,ST,
ORMOND ST,,ORMOND,ST,
ORPHEUS PL,,ORPHEUS,PL,
ORTHODOX ST,,ORTHODOX,ST,
ORWELL RD,,ORWELL,RD,
OSAGE AVE,,OSAGE,AVE,
OSBORN ST,,OSBORN,ST,
OSCEOLA ST,,OSCEOLA,ST,
OSLER CIR,,OSLER,CIR,
OSMOND ST,,OSMOND,ST,
OTTER ST,,OTTER,ST,
OUTLOOK AVE,,OUTLOOK,AVE,
OUTLOOK ST,,OUTLOOK,ST,
OVERBROOK,,OVERBROOK,, 
OVERBROOK AVE,,OVERBROOK,AVE,
OVERBROOK PKWY,,OVERBROOK,PKWY,
OVERHILL AVE,,OVERHILL,AVE,
OVERINGTON ST,,OVERINGTON,ST,
OVERLOOK RD,,OVERLOOK,RD,
OXFORD AVE,,OXFORD,AVE,
OXFORD CIR,,OXFORD,CIR,
E OXFORD ST,E,OXFORD,ST,
W OXFORD ST,W,OXFORD,ST,
E PACIFIC ST,E,PACIFIC,ST,
W PACIFIC ST,W,PACIFIC,ST,
PACKER AVE,,PACKER,AVE,
PAGE ST,,PAGE,ST,
PALAIRET RD,,PALAIRET,RD,
PALERMO DR,,PALERMO,DR,
PALETHORP ST,,PALETHORP,ST,
PALISADES DR,,PALISADES,DR,
PALLAS ST,,PALLAS,ST,
PALM ST,,PALM,ST,
PALMER DR,,PALMER,DR,
E PALMER ST,E,PALMER,ST,
W PALMER ST,W,PALMER,ST,
PALMETTO ST,,PALMETTO,ST,
PANAMA ST,,PANAMA,ST,
PANDRAIL PL,,PANDRAIL,PL,
PAOLI AVE,,PAOLI,AVE,
PAPER MILL RD,,PAPER MILL,RD,
PAR DR,,PAR,DR,
N PARK AVE,N,PARK,AVE,
PARK LN,,PARK,LN,
PARK PL,,PARK,PL,
PARK RD,,PARK,RD,
PARK TER,,PARK,TER,
PARK LINE DR,,PARK LINE,DR,
PARK TOWNE PL,,PARK TOWNE,PL,
PARKDALE RD,,PARKDALE,RD,
PARKER AVE,,PARKER,AVE,
PARKHOLLOW LN,,PARKHOLLOW,LN,
PARKSIDE AVE,,PARKSIDE,AVE,
PARKSIDE DR,,PARKSIDE,DR,
PARKVIEW RD,,PARKVIEW,RD,
PARKWOOD LN,,PARKWOOD,LN,
PARKWYN RD,,PARKWYN,RD,
PARLIN PL,,PARLIN,PL,
PARLIN ST,,PARLIN,ST,
PARLIN TER,,PARLIN,TER,
PARMA RD,,PARMA,RD,
PARNELL PL,,PARNELL,PL,
PARRISH ST,,PARRISH,ST,
PASCHALL AVE,,PASCHALL,AVE,
PASSMORE ST,,PASSMORE,ST,
E PASSYUNK AVE,E,PASSYUNK,AVE,
W PASSYUNK AVE,W,PASSYUNK,AVE,
E PASTORIUS ST,E,PASTORIUS,ST,
W PASTORIUS ST,W,PASTORIUS,ST,
PATRICIAN DR,,PATRICIAN,DR,
PATRICK HENRY PL,,PATRICK HENRY,PL,
PATROL RD,,PATROL,RD,
PATTISON AVE,,PATTISON,AVE,
N PATTON ST,N,PATTON,ST,
S PATTON ST,S,PATTON,ST,
PAUL ST,,PAUL,ST,
PAWLING ST,,PAWLING,ST,
N PAXON ST,N,PAXON,ST,
S PAXON ST,S,PAXON,ST,
N PEACH ST,N,PEACH,ST,
S PEACH ST,S,PEACH,ST,
PEACH TER,,PEACH,TER,
PEACH TREE LN,,PEACH TREE,LN,
PEAR ST,,PEAR,ST,
PEARCE ST,,PEARCE,ST,
PEARL ST,,PEARL,ST,
PEARSON AVE,,PEARSON,AVE,
PECAN DR,,PECAN,DR,
PECHIN ST,,PECHIN,ST,
PEDLEY RD,,PEDLEY,RD,
PEDRICK RD,,PEDRICK,RD,
PELHAM RD,,PELHAM,RD,
PELLE CIR E,,PELLE,CIR,E
PELLE CIR W,,PELLE,CIR,W
PELLE RD,,PELLE,RD,
PELTZ ST,,PELTZ,ST,
PEMBERTON ST,,PEMBERTON,ST,
PEMBROOK RD,,PEMBROOK,RD,
PENFIELD ST,,PENFIELD,ST,
PENHURST ST,,PENHURST,ST,
PENN BLVD,,PENN,BLVD,
PENN CT,,PENN,CT,
S PENN SQ,S,PENN,SQ,
E PENN ST,E,PENN,ST,
N PENN ST,N,PENN,ST,
W PENN ST,W,PENN,ST,
PENNINGTON RD,,PENNINGTON,RD,
PENNOCK ST,,PENNOCK,ST,
PENNSGROVE ST,,PENNSGROVE,ST,
PENNSYLVANIA AVE,,PENNSYLVANIA,AVE,
PENNWAY ST,,PENNWAY,ST,
PENNWOOD RD,,PENNWOOD,RD,
PENNY LN,,PENNY,LN,
PENNYPACK CT,,PENNYPACK,CT,
PENNYPACK PATH,,PENNYPACK,PATH,
PENNYPACK ST,,PENNYPACK,ST,
PENROSE AVE,,PENROSE,AVE,
PENROSE FERRY RD,,PENROSE FERRY,RD,
PENSDALE ST,,PENSDALE,ST,
PENTRIDGE ST,,PENTRIDGE,ST,
PERCH LN,,PERCH,LN,
N PERCY ST,N,PERCY,ST,
S PERCY ST,S,PERCY,ST,
PEREGRINE PL,,PEREGRINE,PL,
PERKIOMEN ST,,PERKIOMEN,ST,
PEROT ST,,PEROT,ST,
PERRIN RD,,PERRIN,RD,
PERTH PL,,PERTH,PL,
N PERTH ST,N,PERTH,ST,
S PERTH ST,S,PERTH,ST,
PETERS ST,,PETERS,ST,
PETONI PL,,PETONI,PL,
PEYTON ST,,PEYTON,ST,
PHA DRIVEWAY,,PHA DRIVEWAY,, 
PHEASANT DR,,PHEASANT,DR,
PHEASANT HILL DR,,PHEASANT HILL,DR,
E PHIL ELLENA ST,E,PHIL ELLENA,ST,
W PHIL ELLENA ST,W,PHIL ELLENA,ST,
PHILCREST RD,,PHILCREST,RD,
PHILIP PL,,PHILIP,PL,
N PHILIP ST,N,PHILIP,ST,
S PHILIP ST,S,PHILIP,ST,
PHILLIES DR,,PHILLIES,DR,
PHILLIPS TER,,PHILLIPS,TER,
PHILMONT AVE,,PHILMONT,AVE,
PHILMONT PL,,PHILMONT,PL,
PHILMONT TER,,PHILMONT,TER,
PHOEBE PL,,PHOEBE,PL,
PIA WAY,,PIA,WAY,
PICKERING AVE,,PICKERING,AVE,
PICKWICK ST,,PICKWICK,ST,
PIERCE ST,,PIERCE,ST,
PIERMONT ST,,PIERMONT,ST,
PIETRO WAY,,PIETRO,WAY,
PIGS ALY,,PIGS,ALY,
E PIKE ST,E,PIKE,ST,
W PIKE ST,W,PIKE,ST,
PILGRIM LN,,PILGRIM,LN,
PILLING ST,,PILLING,ST,
PINE PL W,,PINE,PL,W
PINE RD,,PINE,RD,
PINE ST,,PINE,ST,
PINE HILL RD,,PINE HILL,RD,
PINE RIDGE RD,,PINE RIDGE,RD,
PINE VALLEY BLVD,,PINE VALLEY,BLVD,
PINEWOOD PL,,PINEWOOD,PL,
PINEWOOD RD,,PINEWOOD,RD,
PITT PL,,PITT,PL,
PITTVILLE AVE,,PITTVILLE,AVE,
PLACID ST,,PLACID,ST,
PLAINFIELD ST,,PLAINFIELD,ST,
PLANE RD,,PLANE,RD,
PLAYER DR,,PLAYER,DR,
PLAZA DR,,PLAZA,DR,
E PLEASANT PL,E,PLEASANT,PL,
N PLEASANT PL,N,PLEASANT,PL,
S PLEASANT PL,S,PLEASANT,PL,
PLEASANT ST,,PLEASANT,ST,
PLOVER ST,,PLOVER,ST,
PLUM ST,,PLUM,ST,
PLYMOUTH ST,,PLYMOUTH,ST,
POCASSET RD,,POCASSET,RD,
POCONO ST,,POCONO,ST,
POINT BREEZE AVE,,POINT BREEZE,AVE,
POLETT WALK,,POLETT,WALK,
POLLARD ST,,POLLARD,ST,
POLLOCK ST,,POLLOCK,ST,
E POMONA ST,E,POMONA,ST,
W POMONA ST,W,POMONA,ST,
POMPEY PL,,POMPEY,PL,
PONTIAC AVE,,PONTIAC,AVE,
POPLAR CT,,POPLAR,CT,
POPLAR DR,,POPLAR,DR,
POPLAR ST,,POPLAR,ST,
POPPY DR,,POPPY,DR,
POQUESSING AVE,,POQUESSING,AVE,
POQUESSING CREEK DR,,POQUESSING CREEK,DR,
POQUESSING CREEK LN,,POQUESSING CREEK,LN,
PORT ROYAL AVE,,PORT ROYAL,AVE,
PORTER ST,,PORTER,ST,
PORTICO ST,,PORTICO,ST,
PORTIS RD,,PORTIS,RD,
POTTER ST,,POTTER,ST,
POTTERTON HTS,,POTTERTON,HTS,
POTTS ST,,POTTS,ST,
POWELTON AVE,,POWELTON,AVE,
POWERS ST,,POWERS,ST,
PRATT ST,,PRATT,ST,
PRELATE CIR,,PRELATE,CIR,
PRESIDENT ST,,PRESIDENT,ST,
PRESIDENTIAL BLVD,,PRESIDENTIAL,BLVD,
N PRESTON ST,N,PRESTON,ST,
S PRESTON ST,S,PRESTON,ST,
E PRICE ST,E,PRICE,ST,
W PRICE ST,W,PRICE,ST,
PRIESTLY ST,,PRIESTLY,ST,
PRIMA CT,,PRIMA,CT,
PRIMROSE RD,,PRIMROSE,RD,
PRINCE CIR,,PRINCE,CIR,
PRINCETON AVE,,PRINCETON,AVE,
PRISCILLA ST,,PRISCILLA,ST,
PROCTOR PL,,PROCTOR,PL,
PROCTOR RD,,PROCTOR,RD,
PROSPECT AVE,,PROSPECT,AVE,
PROSPECT ST,,PROSPECT,ST,
PROVIDENT ST,,PROVIDENT,ST,
PULASKI AVE,,PULASKI,AVE,
PURDY ST,,PURDY,ST,
PURITAN RD,,PURITAN,RD,
QUARRY ST,,QUARRY,ST,
QUEEN CT,,QUEEN,CT,
E QUEEN LN,E,QUEEN,LN,
W QUEEN LN,W,QUEEN,LN,
QUEEN ST,,QUEEN,ST,
QUEENS AVE,,QUEENS,AVE,
QUEENS PL,,QUEENS,PL,
QUENTIN ST,,QUENTIN,ST,
QUINCE ST,,QUINCE,ST,
QUINCY ST,,QUINCY,ST,
RACE ST,,RACE,ST,
RACHAEL ST,,RACHAEL,ST,
RADBURN RD,,RADBURN,RD,
RAINEY CT,,RAINEY,CT,
RAMBLER RD,,RAMBLER,RD,
RAMER RD,,RAMER,RD,
RAMONA AVE,,RAMONA,AVE,
RAMP F,,RAMP F,, 
RAMSAY RD,,RAMSAY,RD,
RAMSEY ST,,RAMSEY,ST,
RAND ST,,RAND,ST,
RANDOLPH CT,,RANDOLPH,CT,
N RANDOLPH DR,N,RANDOLPH,DR,
N RANDOLPH ST,N,RANDOLPH,ST,
S RANDOLPH ST,S,RANDOLPH,ST,
RANIER RD,,RANIER,RD,
RANSTEAD ST,,RANSTEAD,ST,
RAUCH ST,,RAUCH,ST,
RAVEN PL,,RAVEN,PL,
RAWLE ST,,RAWLE,ST,
RAYLAND RD,,RAYLAND,RD,
E RAYMOND ST,E,RAYMOND,ST,
W RAYMOND ST,W,RAYMOND,ST,
RAYNHAM RD,,RAYNHAM,RD,
REACH ST,,REACH,ST,
REBECCA DR,,REBECCA,DR,
RECTOR ST,,RECTOR,ST,
RED LION RD,,RED LION,RD,
REDD RAMBLER DR,,REDD RAMBLER,DR,
REDD RAMBLER PL,,REDD RAMBLER,PL,
REDD RAMBLER TER,,REDD RAMBLER,TER,
N REDFIELD ST,N,REDFIELD,ST,
S REDFIELD ST,S,REDFIELD,ST,
REDNER ST,,REDNER,ST,
REDNER WAY,,REDNER,WAY,
REDWING PL,,REDWING,PL,
REED ST,,REED,ST,
REEDBIRD PL,,REEDBIRD,PL,
REEDLAND ST,,REEDLAND,ST,
REES ST,,REES,ST,
N REESE ST,N,REESE,ST,
S REESE ST,S,REESE,ST,
REGATTA DR,,REGATTA,DR,
REGENT SQ,,REGENT,SQ,
REGENT ST,,REGENT,ST,
REGER ST,,REGER,ST,
REGINA ST,,REGINA,ST,
REILLY RD,,REILLY,RD,
REINHARD ST,,REINHARD,ST,
REMSEN RD,,REMSEN,RD,
RENNARD CIR,,RENNARD,CIR,
RENNARD PL,,RENNARD,PL,
RENNARD ST,,RENNARD,ST,
RENNARD TER,,RENNARD,TER,
RENO PL,,RENO,PL,
RENO ST,,RENO,ST,
RENOVO ST,,RENOVO,ST,
RENZ ST,,RENZ,ST,
RESERVE DR,,RESERVE,DR,
RESERVOIR DR,,RESERVOIR,DR,
RETTA ST,,RETTA,ST,
REVERE ST,,REVERE,ST,
REX AVE,,REX,AVE,
REXFORD RD,,REXFORD,RD,
REYNOLDS ST,,REYNOLDS,ST,
RHAWN ST,,RHAWN,ST,
RHETT RD,,RHETT,RD,
RHOADS ST,,RHOADS,ST,
RICHARD ST,,RICHARD,ST,
RICHARDSON ST,,RICHARDSON,ST,
RICHMOND ST,,RICHMOND,ST,
RICHTON RD,,RICHTON,RD,
RICHWOOD RD,,RICHWOOD,RD,
RIDGE AVE,,RIDGE,AVE,
RIDGE DR,,RIDGE,DR,
RIDGE PIKE,,RIDGE,PIKE,
RIDGEFIELD RD,,RIDGEFIELD,RD,
RIDGERUN LN,,RIDGERUN,LN,
RIDGEWAY PL,,RIDGEWAY,PL,
RIDGEWAY PLZ,,RIDGEWAY,PLZ,
RIDGEWAY ST,,RIDGEWAY,ST,
RIDGEWAY TER,,RIDGEWAY,TER,
RIDGEWOOD ST,,RIDGEWOOD,ST,
RIDLEY ST,,RIDLEY,ST,
RIGHTER ST,,RIGHTER,ST,
RING ST,,RING,ST,
N RINGGOLD ST,N,RINGGOLD,ST,
S RINGGOLD ST,S,RINGGOLD,ST,
RIPKA ST,,RIPKA,ST,
RIPLEY PL,,RIPLEY,PL,
RIPLEY ST,,RIPLEY,ST,
RISING SUN AVE,,RISING SUN,AVE,
RISING SUN PL,,RISING SUN,PL,
RITCHIE ST,,RITCHIE,ST,
RITNER ST,,RITNER,ST,
RITTENHOUSE SQ,,RITTENHOUSE,SQ,
W RITTENHOUSE SQ,W,RITTENHOUSE,SQ,
E RITTENHOUSE ST,E,RITTENHOUSE,ST,
W RITTENHOUSE ST,W,RITTENHOUSE,ST,
RITTENHOUSETOWN LN,,RITTENHOUSETOWN,LN,
RITTER ST,,RITTER,ST,
RIVER RD,,RIVER,RD,
RIVER FIELDS DR,,RIVER FIELDS,DR,
RIVERHOUSE RD,,RIVERHOUSE,RD,
RIVERSIDE DR,,RIVERSIDE,DR,
RIVERVIEW LN,,RIVERVIEW,LN,
ROANOKE ST,,ROANOKE,ST,
ROBAT ST,,ROBAT,ST,
ROBBINS ST,,ROBBINS,ST,
ROBERTO CLEMENTE WALK,,ROBERTO CLEMENTE,WALK,
ROBERTS AVE,,ROBERTS,AVE,
ROBINA PL,,ROBINA,PL,
ROBINA ST,,ROBINA,ST,
ROBINA TER,,ROBINA,TER,
N ROBINSON ST,N,ROBINSON,ST,
S ROBINSON ST,S,ROBINSON,ST,
ROCHELLE AVE,,ROCHELLE,AVE,
ROCK ST,,ROCK,ST,
ROCKGLEN RD,,ROCKGLEN,RD,
E ROCKLAND ST,E,ROCKLAND,ST,
W ROCKLAND ST,W,ROCKLAND,ST,
ROCKWELL AVE,,ROCKWELL,AVE,
RODMAN ST,,RODMAN,ST,
RODNEY ST,,RODNEY,ST,
ROGERS DR,,ROGERS,DR,
ROGERS RD,,ROGERS,RD,
ROLLING RD,,ROLLING,RD,
ROMA DR,,ROMA,DR,
ROMAIN ST,,ROMAIN,ST,
ROMFORD RD,,ROMFORD,RD,
RONNALD DR,,RONNALD,DR,
RONNIE CIR,,RONNIE,CIR,
RONNIE LN,,RONNIE,LN,
E ROOSEVELT BLVD,E,ROOSEVELT,BLVD,
W ROOSEVELT BLVD,W,ROOSEVELT,BLVD,
RORER ST,,RORER,ST,
ROSALIE ST,,ROSALIE,ST,
ROSE LN,,ROSE,LN,
ROSE PETAL DR,,ROSE PETAL,DR,
ROSE PETAL WAY,,ROSE PETAL,WAY,
ROSEBERRY ST,,ROSEBERRY,ST,
ROSEHILL ST,,ROSEHILL,ST,
ROSELLA PL,,ROSELLA,PL,
ROSELLA ST,,ROSELLA,ST,
ROSELYN ST,,ROSELYN,ST,
ROSEMAR ST,,ROSEMAR,ST,
ROSEMARY LN,,ROSEMARY,LN,
N ROSEWOOD ST,N,ROSEWOOD,ST,
S ROSEWOOD ST,S,ROSEWOOD,ST,
ROSS ST,,ROSS,ST,
ROUMFORT RD,,ROUMFORT,RD,
ROUSE BLVD,,ROUSE,BLVD,
ROWAN ST,,ROWAN,ST,
ROWENA DR,,ROWENA,DR,
ROWLAND AVE,,ROWLAND,AVE,
ROXBOROUGH AVE,,ROXBOROUGH,AVE,
ROY ST,,ROY,ST,
ROYAL ST,,ROYAL,ST,
RUAN ST,,RUAN,ST,
RUBICAM ST,,RUBICAM,ST,
RUBIN LN,,RUBIN,LN,
N RUBY ST,N,RUBY,ST,
S RUBY ST,S,RUBY,ST,
RUBY TER,,RUBY,TER,
RUDY ROBINSON WAY,,RUDY ROBINSON,WAY,
RUFE ST,,RUFE,ST,
RUFFNER ST,,RUFFNER,ST,
RUGBY ST,,RUGBY,ST,
RUPERT ST,,RUPERT,ST,
RURAL LN,,RURAL,LN,
E RUSCOMB ST,E,RUSCOMB,ST,
W RUSCOMB ST,W,RUSCOMB,ST,
E RUSH ST,E,RUSH,ST,
W RUSH ST,W,RUSH,ST,
RUSKIN RD,,RUSKIN,RD,
E RUSSELL ST,E,RUSSELL,ST,
W RUSSELL ST,W,RUSSELL,ST,
RUTH ST,,RUTH,ST,
RUTH WAY,,RUTH,WAY,
RUTLAND ST,,RUTLAND,ST,
RUTLEDGE ST,,RUTLEDGE,ST,
RYAN AVE,,RYAN,AVE,
RYERS AVE,,RYERS,AVE,
RYERSON PL,,RYERSON,PL,
RYERSON RD,,RYERSON,RD,
SABER ST,,SABER,ST,
SACKETT ST,,SACKETT,ST,
SAGAMORE RD,,SAGAMORE,RD,
SAGE LN,,SAGE,LN,
SAINT ALBANS ST,,SAINT ALBANS,ST,
SAINT ANDREW RD,,SAINT ANDREW,RD,
N SAINT BERNARD ST,N,SAINT BERNARD,ST,
S SAINT BERNARD ST,S,SAINT BERNARD,ST,
SAINT CHARLES PL,,SAINT CHARLES,PL,
SAINT CHRISTOPHER DR,,SAINT CHRISTOPHER,DR,
SAINT CHRISTOPHER LN,,SAINT CHRISTOPHER,LN,
SAINT DAVIDS ST,,SAINT DAVIDS,ST,
SAINT DENIS DR,,SAINT DENIS,DR,
SAINT GEORGES RD,,SAINT GEORGES,RD,
SAINT JAMES CT,,SAINT JAMES,CT,
SAINT JAMES PL,,SAINT JAMES,PL,
SAINT JAMES ST,,SAINT JAMES,ST,
SAINT JAMES WALK,,SAINT JAMES,WALK,
SAINT JOHN NEUMANN PL,,SAINT JOHN NEUMANN,PL,
SAINT JOHN NEUMANN WAY,,SAINT JOHN NEUMANN,WAY,
SAINT JOSEPHS WAY,,SAINT JOSEPHS,WAY,
SAINT LUKES ST,,SAINT LUKES,ST,
SAINT MALACHYS WAY,,SAINT MALACHYS,WAY,
SAINT MARKS SQ,,SAINT MARKS,SQ,
SAINT MARKS ST,,SAINT MARKS,ST,
SAINT MARTINS LN,,SAINT MARTINS,LN,
SAINT MICHAEL DR,,SAINT MICHAEL,DR,
SAINT PAUL ST,,SAINT PAUL,ST,
SAINT PETERS WAY,,SAINT PETERS,WAY,
SAINT THOMAS DR,,SAINT THOMAS,DR,
SAINT VINCENT ST,,SAINT VINCENT,ST,
SALAIGNAC ST,,SALAIGNAC,ST,
SALEM ST,,SALEM,ST,
SALERNO WAY,,SALERNO,WAY,
N SALFORD ST,N,SALFORD,ST,
S SALFORD ST,S,SALFORD,ST,
SALINA PL,,SALINA,PL,
SALINA RD,,SALINA,RD,
SALMON ST,,SALMON,ST,
SALTER ST,,SALTER,ST,
SAN VINCENZO DR,,SAN VINCENZO,DR,
SANDANNE RD,,SANDANNE,RD,
SANDERLING PL,,SANDERLING,PL,
SANDMEYER LN,,SANDMEYER,LN,
SANDPIPER PL,,SANDPIPER,PL,
SANDY RD,,SANDY,RD,
SANDYFORD AVE,,SANDYFORD,AVE,
SANFORD ST,,SANFORD,ST,
SANGER ST,,SANGER,ST,
SANIBEL ST,,SANIBEL,ST,
SANSOM ST,,SANSOM,ST,
SARAH ST,,SARAH,ST,
SARATOGA PL,,SARATOGA,PL,
N SARTAIN ST,N,SARTAIN,ST,
S SARTAIN ST,S,SARTAIN,ST,
SATURN PL,,SATURN,PL,
SAUL ST,,SAUL,ST,
SAUNDERS AVE,,SAUNDERS,AVE,
SAXON PL,,SAXON,PL,
SAXTON RD,,SAXTON,RD,
SAYBROOK AVE,,SAYBROOK,AVE,
SCATTERGOOD ST,,SCATTERGOOD,ST,
S SCHELL ST,S,SCHELL,ST,
E SCHILLER ST,E,SCHILLER,ST,
W SCHILLER ST,W,SCHILLER,ST,
SCHIRRA DR,,SCHIRRA,DR,
SCHLEY ST,,SCHLEY,ST,
SCHOOL LN,,SCHOOL,LN,
E SCHOOL HOUSE LN,E,SCHOOL HOUSE,LN,
W SCHOOL HOUSE LN,W,SCHOOL HOUSE,LN,
SCHUBERT ALY,,SCHUBERT,ALY,
SCHUYLER ST,,SCHUYLER,ST,
SCHUYLKILL AVE,,SCHUYLKILL,AVE,
N SCHUYLKILL AVE W,N,SCHUYLKILL,AVE,W
S SCHUYLKILL AVE W,S,SCHUYLKILL,AVE,W
SCHUYLKILL EXPY,,SCHUYLKILL,EXPY,
SCHUYLKILL FALLS LN,,SCHUYLKILL FALLS,LN,
SCHUYLKILL RIVER TRL,,SCHUYLKILL RIVER,TRL,
N SCHUYLKILL RIVER TRL,N,SCHUYLKILL RIVER,TRL,
S SCHUYLKILL RIVER TRL,S,SCHUYLKILL RIVER,TRL,
SCOTCHBROOK DR,,SCOTCHBROOK,DR,
SCOTFORTH RD,,SCOTFORTH,RD,
SCOTIA RD,,SCOTIA,RD,
SCOTT RD,,SCOTT,RD,
SCOTT WAY,,SCOTT,WAY,
SCOTTS LN,,SCOTTS,LN,
SEARS ST,,SEARS,ST,
SEBRING RD,,SEBRING,RD,
SECANE DR,,SECANE,DR,
SECANE PL,,SECANE,PL,
SEDGELEY DR,,SEDGELEY,DR,
E SEDGLEY AVE,E,SEDGLEY,AVE,
W SEDGLEY AVE,W,SEDGLEY,AVE,
E SEDGWICK ST,E,SEDGWICK,ST,
W SEDGWICK ST,W,SEDGWICK,ST,
SEFFERT ST,,SEFFERT,ST,
SELLERS ST,,SELLERS,ST,
SELMA ST,,SELMA,ST,
SELMER PL,,SELMER,PL,
SELMER PLZ,,SELMER,PLZ,
SELMER RD,,SELMER,RD,
SELMER TER,,SELMER,TER,
E SELTZER ST,E,SELTZER,ST,
W SELTZER ST,W,SELTZER,ST,
SEMINOLE AVE,,SEMINOLE,AVE,
SENATE ST,,SENATE,ST,
SENTNER ST,,SENTNER,ST,
SEPVIVA ST,,SEPVIVA,ST,
SEQUOIA RD,,SEQUOIA,RD,
E SERGEANT ST,E,SERGEANT,ST,
W SERGEANT ST,W,SERGEANT,ST,
SEROTA DR,,SEROTA,DR,
SEROTA PL,,SEROTA,PL,
SEVEN OAKS DR,,SEVEN OAKS,DR,
SEVILLE ST,,SEVILLE,ST,
SEWELL RD,,SEWELL,RD,
SEYBERT MALL,,SEYBERT,MALL,
SEYBERT ST,,SEYBERT,ST,
E SEYMOUR ST,E,SEYMOUR,ST,
W SEYMOUR ST,W,SEYMOUR,ST,
SHACKAMAXON ST,,SHACKAMAXON,ST,
SHADY LN,,SHADY,LN,
SHALKOP ST,,SHALKOP,ST,
SHALLCROSS ST,,SHALLCROSS,ST,
SHAMOKIN ST,,SHAMOKIN,ST,
SHARON LN,,SHARON,LN,
SHARP ST,,SHARP,ST,
SHARPLESS RD,,SHARPLESS,RD,
E SHARPNACK ST,E,SHARPNACK,ST,
W SHARPNACK ST,W,SHARPNACK,ST,
SHARSWOOD ST,,SHARSWOOD,ST,
SHAW ST,,SHAW,ST,
SHAWMONT AVE,,SHAWMONT,AVE,
SHAWNEE ST,,SHAWNEE,ST,
SHEAFF LN,,SHEAFF,LN,
SHEARWATER PL,,SHEARWATER,PL,
SHEDAKER ST,,SHEDAKER,ST,
N SHEDWICK ST,N,SHEDWICK,ST,
S SHEDWICK ST,S,SHEDWICK,ST,
SHEFFIELD AVE,,SHEFFIELD,AVE,
SHELBOURNE ST,,SHELBOURNE,ST,
SHELDON ST,,SHELDON,ST,
E SHELDON ST,E,SHELDON,ST,
W SHELDON ST,W,SHELDON,ST,
SHELDRAKE PL,,SHELDRAKE,PL,
SHELLEY RD,,SHELLEY,RD,
SHELLY LN,,SHELLY,LN,
SHELMIRE AVE,,SHELMIRE,AVE,
N SHERIDAN ST,N,SHERIDAN,ST,
S SHERIDAN ST,S,SHERIDAN,ST,
SHERMAN ST,,SHERMAN,ST,
SHERRIE RD,,SHERRIE,RD,
SHERWOOD RD,,SHERWOOD,RD,
SHIELDS ST,,SHIELDS,ST,
SHIPLEY PL,,SHIPLEY,PL,
SHIPLEY RD,,SHIPLEY,RD,
SHIRLEY ST,,SHIRLEY,ST,
SHISLER ST,,SHISLER,ST,
SHUNK ST,,SHUNK,ST,
SHURS LN,,SHURS,LN,
N SICKELS ST,N,SICKELS,ST,
S SICKELS ST,S,SICKELS,ST,
SICKELS WAY,,SICKELS,WAY,
SIENA CT,,SIENA,CT,
SIGEL ST,,SIGEL,ST,
E SILVER ST,E,SILVER,ST,
W SILVER ST,W,SILVER,ST,
SILVERWOOD ST,,SILVERWOOD,ST,
SIMMS ST,,SIMMS,ST,
SIMON ST,,SIMON,ST,
N SIMPSON ST,N,SIMPSON,ST,
S SIMPSON ST,S,SIMPSON,ST,
SKIDOO ST,,SKIDOO,ST,
SLOAN ST,,SLOAN,ST,
SLOCUM ST,,SLOCUM,ST,
N SMEDLEY ST,N,SMEDLEY,ST,
S SMEDLEY ST,S,SMEDLEY,ST,
SMICK ST,,SMICK,ST,
SMITH WALK,,SMITH,WALK,
SMITH MEMORIAL DR,,SMITH MEMORIAL,DR,
SMITHFIELD AVE,,SMITHFIELD,AVE,
SMYLIE RD,,SMYLIE,RD,
SNYDER AVE,,SNYDER,AVE,
SOLAR WAY,,SOLAR,WAY,
SOLLY AVE,,SOLLY,AVE,
SOLLY PL,,SOLLY,PL,
E SOMERSET ST,E,SOMERSET,ST,
W SOMERSET ST,W,SOMERSET,ST,
SOMERTON AVE,,SOMERTON,AVE,
E SOMERVILLE AVE,E,SOMERVILLE,AVE,
W SOMERVILLE AVE,W,SOMERVILLE,AVE,
SOMMERS RD,,SOMMERS,RD,
SORENTO RD,,SORENTO,RD,
SORRENTO CT,,SORRENTO,CT,
SOUDER ST,,SOUDER,ST,
SOUTH RD,,SOUTH,RD,
SOUTH ST,,SOUTH,ST,
E SOUTHAMPTON AVE,E,SOUTHAMPTON,AVE,
W SOUTHAMPTON AVE,W,SOUTHAMPTON,AVE,
SOUTHAMPTON RD,,SOUTHAMPTON,RD,
N SPANGLER ST,N,SPANGLER,ST,
S SPANGLER ST,S,SPANGLER,ST,
SPARKS ST,,SPARKS,ST,
E SPENCER AVE,E,SPENCER,AVE,
W SPENCER AVE,W,SPENCER,AVE,
SPERRY ST,,SPERRY,ST,
SPICE BUSH LN,,SPICE BUSH,LN,
SPRAGUE ST,,SPRAGUE,ST,
SPRING LN,,SPRING,LN,
SPRING ST,,SPRING,ST,
SPRING GARDEN MALL,,SPRING GARDEN,MALL,
SPRING GARDEN ST,,SPRING GARDEN,ST,
SPRING GARDEN TUNL,,SPRING GARDEN,TUNL,
SPRINGBANK ST,,SPRINGBANK,ST,
E SPRINGER ST,E,SPRINGER,ST,
W SPRINGER ST,W,SPRINGER,ST,
SPRINGFIELD AVE,,SPRINGFIELD,AVE,
E SPRINGFIELD AVE,E,SPRINGFIELD,AVE,
W SPRINGFIELD AVE,W,SPRINGFIELD,AVE,
SPRINGHOUSE RD,,SPRINGHOUSE,RD,
SPRINGVIEW RD,,SPRINGVIEW,RD,
SPRUCE ST,,SPRUCE,ST,
E STAFFORD ST,E,STAFFORD,ST,
W STAFFORD ST,W,STAFFORD,ST,
STAMFORD ST,,STAMFORD,ST,
STAMPERS ST,,STAMPERS,ST,
N STANLEY ST,N,STANLEY,ST,
S STANLEY ST,S,STANLEY,ST,
STANTON ST,,STANTON,ST,
STANWOOD CT,,STANWOOD,CT,
STANWOOD ST,,STANWOOD,ST,
STAR DUST LN,,STAR DUST,LN,
STATE RD,,STATE,RD,
STATE ST,,STATE,ST,
STATES DR,,STATES,DR,
N STATES DR,N,STATES,DR,
N STATION LN,N,STATION,LN,
STATION RD,,STATION,RD,
STATION ST,,STATION,ST,
STAUB ST,,STAUB,ST,
STEARLY ST,,STEARLY,ST,
STEEPLE DR,,STEEPLE,DR,
STEINBER ST,,STEINBER,ST,
E STELLA ST,E,STELLA,ST,
W STELLA ST,W,STELLA,ST,
STELLA MARIS ST,,STELLA MARIS,ST,
STELWOOD RD,,STELWOOD,RD,
STENTON AVE,,STENTON,AVE,
STERLING ST,,STERLING,ST,
E STERNER ST,E,STERNER,ST,
W STERNER ST,W,STERNER,ST,
STETLER ST,,STETLER,ST,
STEVENS RD,,STEVENS,RD,
STEVENS ST,,STEVENS,ST,
STEVENS TER,,STEVENS,TER,
STEVENSON ST,,STEVENSON,ST,
STEWARDS WAY,,STEWARDS,WAY,
STEWART PL,,STEWART,PL,
STEWART ST,,STEWART,ST,
STILES ST,,STILES,ST,
E STILES ST,E,STILES,ST,
W STILES ST,W,STILES,ST,
N STILLMAN ST,N,STILLMAN,ST,
S STILLMAN ST,S,STILLMAN,ST,
STIRLING ST,,STIRLING,ST,
STOCK EXCHANGE PL,,STOCK EXCHANGE,PL,
STOCKER ST,,STOCKER,ST,
STOCKTON RD,,STOCKTON,RD,
STOKES ST,,STOKES,ST,
STOKLEY ST,,STOKLEY,ST,
STONEY LN,,STONEY,LN,
STOUT RD,,STOUT,RD,
STOUTON ST,,STOUTON,ST,
STRAHLE PL,,STRAHLE,PL,
STRAHLE ST,,STRAHLE,ST,
STRAHLE TER,,STRAHLE,TER,
STRATFORD DR,,STRATFORD,DR,
STRAWBERRY ST,,STRAWBERRY,ST,
STRAWBERRY MANSION BRG,,STRAWBERRY MANSION,BRG,
STRAWBERRY MANSION DR,,STRAWBERRY MANSION,DR,
STROUD ST,,STROUD,ST,
SUFFOLK AVE,,SUFFOLK,AVE,
SUFFOLK PL,,SUFFOLK,PL,
SUGARHOUSE DR,,SUGARHOUSE,DR,
SUGDENS ROW,,SUGDENS,ROW,
SULIS ST,,SULIS,ST,
SUMAC ST,,SUMAC,ST,
SUMMER PL,,SUMMER,PL,
SUMMER ST,,SUMMER,ST,
SUMMERDALE AVE,,SUMMERDALE,AVE,
SUMMIT AVE,,SUMMIT,AVE,
SUMMIT PL,,SUMMIT,PL,
SUMMIT ST,,SUMMIT,ST,
SUNFLOWER DR,,SUNFLOWER,DR,
SUNNYSIDE AVE,,SUNNYSIDE,AVE,
SUNRISE LN,,SUNRISE,LN,
SUNSET AVE,,SUNSET,AVE,
E SUNSET AVE,E,SUNSET,AVE,
W SUNSET AVE,W,SUNSET,AVE,
SUNSHINE LN,,SUNSHINE,LN,
SURGEON GENERALS CT,,SURGEON GENERALS,CT,
SURREY RD,,SURREY,RD,
SUSAN RD,,SUSAN,RD,
SUSAN TER,,SUSAN,TER,
E SUSQUEHANNA AVE,E,SUSQUEHANNA,AVE,
W SUSQUEHANNA AVE,W,SUSQUEHANNA,AVE,
SUSQUEHANNA RD,,SUSQUEHANNA,RD,
SUSSEX LN,,SUSSEX,LN,
SWAIN ST,,SWAIN,ST,
N SWANSON ST,N,SWANSON,ST,
S SWANSON ST,S,SWANSON,ST,
SWEET BRIAR PL,,SWEET BRIAR,PL,
SWEET BRIAR RD,,SWEET BRIAR,RD,
SWEETBRIAR DR,,SWEETBRIAR,DR,
SWEETBRIAR LN,,SWEETBRIAR,LN,
SYCAMORE AVE,,SYCAMORE,AVE,
SYCAMORE DR,,SYCAMORE,DR,
SYCAMORE LN,,SYCAMORE,LN,
SYCAMORE ST,,SYCAMORE,ST,
N SYDENHAM ST,N,SYDENHAM,ST,
S SYDENHAM ST,S,SYDENHAM,ST,
SYDNEY ST,,SYDNEY,ST,
SYLMAR ST,,SYLMAR,ST,
E SYLVANIA ST,E,SYLVANIA,ST,
W SYLVANIA ST,W,SYLVANIA,ST,
SYLVESTER ST,,SYLVESTER,ST,
SYLVIA LN,,SYLVIA,LN,
TABOR AVE,,TABOR,AVE,
TABOR LN,,TABOR,LN,
TABOR PL,,TABOR,PL,
TABOR PLZ,,TABOR,PLZ,
E TABOR RD,E,TABOR,RD,
W TABOR RD,W,TABOR,RD,
TABOR TER,,TABOR,TER,
TACKAWANNA PL,,TACKAWANNA,PL,
TACKAWANNA ST,,TACKAWANNA,ST,
TACOMA ST,,TACOMA,ST,
TACONY ST,,TACONY,ST,
TAGGERT ST,,TAGGERT,ST,
TAMPA ST,,TAMPA,ST,
TANAGER ST,,TANAGER,ST,
TANEY CT,,TANEY,CT,
N TANEY ST,N,TANEY,ST,
S TANEY ST,S,TANEY,ST,
TANEY TER,,TANEY,TER,
TARA RD,,TARA,RD,
TARGET DR,,TARGET,DR,
TASKER ST,,TASKER,ST,
TAUNTON ST,,TAUNTON,ST,
N TAYLOR ST,N,TAYLOR,ST,
S TAYLOR ST,S,TAYLOR,ST,
TEAL AVE,,TEAL,AVE,
TEESDALE ST,,TEESDALE,ST,
TELFAIR RD,,TELFAIR,RD,
TELFORD RD,,TELFORD,RD,
W TELNER ST,W,TELNER,ST,
TEMPLE RD,,TEMPLE,RD,
TEMPLETON DR,,TEMPLETON,DR,
TENNIS AVE,,TENNIS,AVE,
TERMINAL AVE,,TERMINAL,AVE,
TERRACE ST,,TERRACE,ST,
TERRY ST,,TERRY,ST,
TETON RD,,TETON,RD,
E THAYER ST,E,THAYER,ST,
W THAYER ST,W,THAYER,ST,
THE OAK RD,,THE OAK,RD,
E THELMA ST,E,THELMA,ST,
W THELMA ST,W,THELMA,ST,
THEODORE ST,,THEODORE,ST,
THERESA DR,,THERESA,DR,
THOMAS AVE,,THOMAS,AVE,
THOMAS RD,,THOMAS,RD,
THOMAS ST,,THOMAS,ST,
THOMAS MILL DR,,THOMAS MILL,DR,
THOMAS MILL TER,,THOMAS MILL,TER,
THOMAS PAINE PL,,THOMAS PAINE,PL,
E THOMPSON ST,E,THOMPSON,ST,
W THOMPSON ST,W,THOMPSON,ST,
THORNBROOK PL,,THORNBROOK,PL,
THORNDIKE RD,,THORNDIKE,RD,
THORNTON RD,,THORNTON,RD,
THORNWOOD PL,,THORNWOOD,PL,
THOURON AVE,,THOURON,AVE,
THYME LN,,THYME,LN,
TIBBEN ST,,TIBBEN,ST,
TIBER ST,,TIBER,ST,
TILDEN ST,,TILDEN,ST,
TILGHMAN ST,,TILGHMAN,ST,
TILTON ST,,TILTON,ST,
TIMBER LN,,TIMBER,LN,
TINICUM BLVD,,TINICUM,BLVD,
TINICUM ISLAND RD,,TINICUM ISLAND,RD,
E TIOGA ST,E,TIOGA,ST,
W TIOGA ST,W,TIOGA,ST,
TIONA ST,,TIONA,ST,
TITAN PL,,TITAN,PL,
TITAN ST,,TITAN,ST,
TOHOPEKA LN,,TOHOPEKA,LN,
TOLBUT ST,,TOLBUT,ST,
TOMLINSON CT,,TOMLINSON,CT,
TOMLINSON PL,,TOMLINSON,PL,
TOMLINSON PLZ,,TOMLINSON,PLZ,
TOMLINSON RD,,TOMLINSON,RD,
TOMLINSON TER,,TOMLINSON,TER,
TOOKANY CREEK PKWY,,TOOKANY CREEK,PKWY,
E TORONTO ST,E,TORONTO,ST,
W TORONTO ST,W,TORONTO,ST,
TORRESDALE AVE,,TORRESDALE,AVE,
TORRESDALE DR,,TORRESDALE,DR,
TORREY RD,,TORREY,RD,
TOWANDA AVE,,TOWANDA,AVE,
TOWER ST,,TOWER,ST,
TOWNSEND RD,,TOWNSEND,RD,
TOWNSEND ST,,TOWNSEND,ST,
TRACEY ST,,TRACEY,ST,
TREATY RD,,TREATY,RD,
TREE ST,,TREE,ST,
TREE TER,,TREE,TER,
TREMONT ST,,TREMONT,ST,
TRENT RD,,TRENT,RD,
TRENTON AVE,,TRENTON,AVE,
TREVI CT,,TREVI,CT,
TREVOSE RD,,TREVOSE,RD,
TRIESTE WAY,,TRIESTE,WAY,
TRINA DR,,TRINA,DR,
TRINITY ST,,TRINITY,ST,
TROTTER ST,,TROTTER,ST,
TROTTERS ALY,,TROTTERS,ALY,
TROUT RD,,TROUT,RD,
TRYON ST,,TRYON,ST,
E TUCKER ST,E,TUCKER,ST,
W TUCKER ST,W,TUCKER,ST,
TUDOR ST,,TUDOR,ST,
TULIP ST,,TULIP,ST,
E TULPEHOCKEN ST,E,TULPEHOCKEN,ST,
W TULPEHOCKEN ST,W,TULPEHOCKEN,ST,
TURNER ST,,TURNER,ST,
TURNSTONE PL,,TURNSTONE,PL,
TURTON DR,,TURTON,DR,
TUSCANY DR,,TUSCANY,DR,
E TUSCULUM ST,E,TUSCULUM,ST,
W TUSCULUM ST,W,TUSCULUM,ST,
TUSTIN AVE,,TUSTIN,AVE,
TWIST RD,,TWIST,RD,
TYLER CT,,TYLER,CT,
TYRONE RD,,TYRONE,RD,
TYSON AVE,,TYSON,AVE,
N UBER ST,N,UBER,ST,
S UBER ST,S,UBER,ST,
ULENA ST,,ULENA,ST,
ULMER ST,,ULMER,ST,
UMBRIA ST,,UMBRIA,ST,
UNION ST,,UNION,ST,
UNITY ST,,UNITY,ST,
UNIVERSITY AVE,,UNIVERSITY,AVE,
UNIVERSITY MEWS,,UNIVERSITY,MEWS,
UNRUH AVE,,UNRUH,AVE,
UPLAND ST,,UPLAND,ST,
UPLAND WAY,,UPLAND,WAY,
E UPSAL ST,E,UPSAL,ST,
W UPSAL ST,W,UPSAL,ST,
UTAH ST,,UTAH,ST,
VADER DR,,VADER,DR,
VALE LN,,VALE,LN,
VALETTA ST,,VALETTA,ST,
VALLEY AVE,,VALLEY,AVE,
VALLEY PL,,VALLEY,PL,
VALLEY RD,,VALLEY,RD,
VALLEY ST,,VALLEY,ST,
VALLEY FORGE PL,,VALLEY FORGE,PL,
VALLEY GREEN CT,,VALLEY GREEN,CT,
VALLEY GREEN RD,,VALLEY GREEN,RD,
VALLEY VIEW RD,,VALLEY VIEW,RD,
VAN KIRK ST,,VAN KIRK,ST,
N VAN PELT ST,N,VAN PELT,ST,
S VAN PELT ST,S,VAN PELT,ST,
VANDALIA ST,,VANDALIA,ST,
VANDIKE ST,,VANDIKE,ST,
VARE AVE,,VARE,AVE,
VASSAR ST,,VASSAR,ST,
VAUX ST,,VAUX,ST,
E VENANGO ST,E,VENANGO,ST,
W VENANGO ST,W,VENANGO,ST,
VENUS PL,,VENUS,PL,
VERBENA AVE,,VERBENA,AVE,
VERDA DR,,VERDA,DR,
VERMEER PL,,VERMEER,PL,
VERNON RD,,VERNON,RD,
VERONA DR,,VERONA,DR,
VERONICA LN,,VERONICA,LN,
VERREE RD,,VERREE,RD,
VESTRY CIR,,VESTRY,CIR,
VICARIS ST,,VICARIS,ST,
VICI ST,,VICI,ST,
E VICTORIA ST,E,VICTORIA,ST,
W VICTORIA ST,W,VICTORIA,ST,
VILLAGE LN,,VILLAGE,LN,
VINE ST,,VINE,ST,
VINE STREET EXPY,,VINE STREET,EXPY,
VINEYARD ST,,VINEYARD,ST,
VINTON RD,,VINTON,RD,
VIOLA ST,,VIOLA,ST,
VIOLET DR,,VIOLET,DR,
VIRGINIAN RD,,VIRGINIAN,RD,
VISTA ST,,VISTA,ST,
N VOGDES ST,N,VOGDES,ST,
S VOGDES ST,S,VOGDES,ST,
VOIGT RD,,VOIGT,RD,
VOITS LN,,VOITS,LN,
VOLLMER ST,,VOLLMER,ST,
WADE ST,,WADE,ST,
WADSWORTH AVE,,WADSWORTH,AVE,
WAGNER AVE,,WAGNER,AVE,
WAKEFIELD ST,,WAKEFIELD,ST,
WAKELING ST,,WAKELING,ST,
WALBACH ST,,WALBACH,ST,
WALDEMIRE DR,,WALDEMIRE,DR,
WALDEMIRE PL,,WALDEMIRE,PL,
WALDEN ST,,WALDEN,ST,
WALES PL,,WALES,PL,
WALKER ST,,WALKER,ST,
WALKWAY CONNECTOR,,WALKWAY CONNECTOR,, 
WALLACE PL,,WALLACE,PL,
WALLACE ST,,WALLACE,ST,
WALLEY AVE,,WALLEY,AVE,
WALN ST,,WALN,ST,
WALNUT LN,,WALNUT,LN,
E WALNUT LN,E,WALNUT,LN,
W WALNUT LN,W,WALNUT,LN,
WALNUT ST,,WALNUT,ST,
WALNUT HILL ST,,WALNUT HILL,ST,
WALNUT LOWER LEVEL ST,,WALNUT LOWER LEVEL,ST,
E WALNUT PARK DR,E,WALNUT PARK,DR,
W WALNUT PARK DR,W,WALNUT PARK,DR,
WALTER ST,,WALTER,ST,
WALTON AVE,,WALTON,AVE,
N WANAMAKER ST,N,WANAMAKER,ST,
S WANAMAKER ST,S,WANAMAKER,ST,
WARDEN DR,,WARDEN,DR,
WARFIELD PL,,WARFIELD,PL,
WARFIELD ST,,WARFIELD,ST,
WARING ST,,WARING,ST,
N WARNOCK ST,N,WARNOCK,ST,
S WARNOCK ST,S,WARNOCK,ST,
WARREN ST,,WARREN,ST,
WARRINGTON AVE,,WARRINGTON,AVE,
WARTMAN ST,,WARTMAN,ST,
WARWICK ST,,WARWICK,ST,
WASHINGTON AVE,,WASHINGTON,AVE,
WASHINGTON LN,,WASHINGTON,LN,
E WASHINGTON LN,E,WASHINGTON,LN,
E WASHINGTON LN N,E,WASHINGTON,LN,N
E WASHINGTON LN S,E,WASHINGTON,LN,S
W WASHINGTON LN,W,WASHINGTON,LN,
S WASHINGTON SQ,S,WASHINGTON,SQ,
W WASHINGTON SQ,W,WASHINGTON,SQ,
N WATER ST,N,WATER,ST,
S WATER ST,S,WATER,ST,
WATER WORKS DR,,WATER WORKS,DR,
WATERLOO ST,,WATERLOO,ST,
WATERMAN AVE,,WATERMAN,AVE,
WATERVIEW LN,,WATERVIEW,LN,
WATKINS ST,,WATKINS,ST,
WATSON ST,,WATSON,ST,
N WATTS ST,N,WATTS,ST,
S WATTS ST,S,WATTS,ST,
WAVERLY ST,,WAVERLY,ST,
WAVERLY WALK,,WAVERLY,WALK,
WAXWING PL,,WAXWING,PL,
WAYNE AVE,,WAYNE,AVE,
WAYSIDE RD,,WAYSIDE,RD,
WEATHAM ST,,WEATHAM,ST,
E WEAVER ST,E,WEAVER,ST,
W WEAVER ST,W,WEAVER,ST,
WEBB ST,,WEBB,ST,
WEBSTER ST,,WEBSTER,ST,
WECCACOE AVE,,WECCACOE,AVE,
WEIGHTMAN ST,,WEIGHTMAN,ST,
WEIKEL ST,,WEIKEL,ST,
E WELLENS ST,E,WELLENS,ST,
W WELLENS ST,W,WELLENS,ST,
WELLESLEY RD,,WELLESLEY,RD,
WELLINGTON ST,,WELLINGTON,ST,
WELLS ST,,WELLS,ST,
WELSH CT,,WELSH,CT,
WELSH RD,,WELSH,RD,
WELTON ST,,WELTON,ST,
WENDLE CT,,WENDLE,CT,
N WENDLE ST,N,WENDLE,ST,
WENDOVER ST,,WENDOVER,ST,
E WENSLEY ST,E,WENSLEY,ST,
W WENSLEY ST,W,WENSLEY,ST,
WENTWORTH RD,,WENTWORTH,RD,
WENTZ ST,,WENTZ,ST,
WESLEYAN RD,,WESLEYAN,RD,
WESSEX LN,,WESSEX,LN,
WEST END DR,,WEST END,DR,
WEST SERVICE DR,,WEST SERVICE,DR,
WESTBOURNE PL,,WESTBOURNE,PL,
WESTBURY DR,,WESTBURY,DR,
WESTFORD RD,,WESTFORD,RD,
WESTHAMPTON DR,,WESTHAMPTON,DR,
WESTMINSTER AVE,,WESTMINSTER,AVE,
WESTMONT ST,,WESTMONT,ST,
E WESTMORELAND ST,E,WESTMORELAND,ST,
W WESTMORELAND ST,W,WESTMORELAND,ST,
WESTON ST,,WESTON,ST,
WESTVIEW AVE,,WESTVIEW,AVE,
WETHERILL WAY,,WETHERILL,WAY,
WEXFORD PL,,WEXFORD,PL,
WEYMOUTH ST,,WEYMOUTH,ST,
WHARTON ST,,WHARTON,ST,
WHEATSHEAF LN,,WHEATSHEAF,LN,
WHEEL PUMP LN,,WHEEL PUMP,LN,
WHEELER ST,,WHEELER,ST,
WHITAKER AVE,,WHITAKER,AVE,
WHITBY AVE,,WHITBY,AVE,
WHITE TRL,,WHITE,TRL,
WHITEHALL LN,,WHITEHALL,LN,
WHITEMARSH AVE,,WHITEMARSH,AVE,
WHITEMARSH ST,,WHITEMARSH,ST,
WHITING PL,,WHITING,PL,
WHITING RD,,WHITING,RD,
WHITMAN PLZ,,WHITMAN,PLZ,
WHITNEY ST,,WHITNEY,ST,
WHITTEMORE ST,,WHITTEMORE,ST,
WHITTEN ST,,WHITTEN,ST,
WICK RD,,WICK,RD,
WICKLEY RD,,WICKLEY,RD,
WIDENER PL,,WIDENER,PL,
WIDENER ST,,WIDENER,ST,
WIEHLE ST,,WIEHLE,ST,
WIGARD AVE,,WIGARD,AVE,
WILBROCK ST,,WILBROCK,ST,
WILBUR ST,,WILBUR,ST,
WILCOX ST,,WILCOX,ST,
WILDE ST,,WILDE,ST,
WILDER ST,,WILDER,ST,
E WILDEY ST,E,WILDEY,ST,
W WILDEY ST,W,WILDEY,ST,
WILDFLOWER WAY,,WILDFLOWER,WAY,
WILKINSON ST,,WILKINSON,ST,
E WILLARD ST,E,WILLARD,ST,
W WILLARD ST,W,WILLARD,ST,
E WILLIAM ST,E,WILLIAM,ST,
W WILLIAM ST,W,WILLIAM,ST,
WILLIAMS AVE,,WILLIAMS,AVE,
WILLIAMS WAY,,WILLIAMS,WAY,
WILLIG AVE,,WILLIG,AVE,
WILLINGS ALY,,WILLINGS,ALY,
WILLINGS ALLEY MEWS,,WILLINGS ALLEY,MEWS,
WILLINGTON ST,,WILLINGTON,ST,
WILLITS RD,,WILLITS,RD,
WILLOW ST,,WILLOW,ST,
WILLOW GROVE AVE,,WILLOW GROVE,AVE,
E WILLOW GROVE AVE,E,WILLOW GROVE,AVE,
W WILLOW GROVE AVE,W,WILLOW GROVE,AVE,
WILLOWS AVE,,WILLOWS,AVE,
WILMOT ST,,WILMOT,ST,
WILSON ST,,WILSON,ST,
E WILT ST,E,WILT,ST,
W WILT ST,W,WILT,ST,
N WILTON ST,N,WILTON,ST,
S WILTON ST,S,WILTON,ST,
WILTSHIRE RD,,WILTSHIRE,RD,
WINCHESTER AVE,,WINCHESTER,AVE,
WINDING DR,,WINDING,DR,
WINDISH ST,,WINDISH,ST,
WINDRIM AVE,,WINDRIM,AVE,
WINDSOR ST,,WINDSOR,ST,
WINGATE ST,,WINGATE,ST,
WINGOHOCKING HTS,,WINGOHOCKING,HTS,
E WINGOHOCKING ST,E,WINGOHOCKING,ST,
W WINGOHOCKING ST,W,WINGOHOCKING,ST,
WINGOHOCKING TER,,WINGOHOCKING,TER,
WINGTIP RD,,WINGTIP,RD,
WINONA ST,,WINONA,ST,
WINSTON RD,,WINSTON,RD,
WINTER PL,,WINTER,PL,
WINTER ST,,WINTER,ST,
WINTHROP ST,,WINTHROP,ST,
WINTON ST,,WINTON,ST,
WINTON TER,,WINTON,TER,
WIOTA ST,,WIOTA,ST,
WISES MILL RD,,WISES MILL,RD,
E WISHART ST,E,WISHART,ST,
W WISHART ST,W,WISHART,ST,
WISSAHICKON AVE,,WISSAHICKON,AVE,
W WISSAHICKON AVE,W,WISSAHICKON,AVE,
WISSAHICKON LN,,WISSAHICKON,LN,
WISSAHICKON TRANSFER STATION,,WISSAHICKON TRANSFER STATION,, 
WISSINOMING ST,,WISSINOMING,ST,
WISTARIA ST,,WISTARIA,ST,
WISTER ALY,,WISTER,ALY,
E WISTER ST,E,WISTER,ST,
W WISTER ST,W,WISTER,ST,
WITLER ST,,WITLER,ST,
WITTE ST,,WITTE,ST,
WOBURN PL,,WOBURN,PL,
WOLCOTT DR,,WOLCOTT,DR,
WOLF ST,,WOLF,ST,
WOMRATH ST,,WOMRATH,ST,
WOOD AVE,,WOOD,AVE,
WOOD ST,,WOOD,ST,
WOODALE AVE,,WOODALE,AVE,
WOODBINE AVE,,WOODBINE,AVE,
WOODBRIDGE RD,,WOODBRIDGE,RD,
WOODBROOK LN,,WOODBROOK,LN,
WOODCREST AVE,,WOODCREST,AVE,
WOODEN BRIDGE RD,,WOODEN BRIDGE,RD,
WOODFERN RD,,WOODFERN,RD,
WOODFORD DR,,WOODFORD,DR,
WOODHAVEN PL,,WOODHAVEN,PL,
WOODHAVEN PLZ,,WOODHAVEN,PLZ,
WOODHAVEN RD,,WOODHAVEN,RD,
WOODHAVEN TER,,WOODHAVEN,TER,
WOODLAND AVE,,WOODLAND,AVE,
WOODLAND TER,,WOODLAND,TER,
WOODLAND WALK,,WOODLAND,WALK,
E WOODLAWN ST,E,WOODLAWN,ST,
W WOODLAWN ST,W,WOODLAWN,ST,
WOODPIPE LN,,WOODPIPE,LN,
N WOODSTOCK ST,N,WOODSTOCK,ST,
S WOODSTOCK ST,S,WOODSTOCK,ST,
WOODWARD ST,,WOODWARD,ST,
WOOLSTON AVE,,WOOLSTON,AVE,
WOOSTER RD,,WOOSTER,RD,
WORRELL CT,,WORRELL,CT,
WORRELL ST,,WORRELL,ST,
WORTH RD,,WORTH,RD,
WORTH ST,,WORTH,ST,
WORTHINGTON RD,,WORTHINGTON,RD,
WRIGHT ST,,WRIGHT,ST,
WYALUSING AVE,,WYALUSING,AVE,
WYLIE ST,,WYLIE,ST,
WYNCOTE AVE,,WYNCOTE,AVE,
WYNDALE AVE,,WYNDALE,AVE,
WYNDMOOR AVE,,WYNDMOOR,AVE,
WYNDMOOR ST,,WYNDMOOR,ST,
WYNDOM RD,,WYNDOM,RD,
WYNEVA ST,,WYNEVA,ST,
WYNMILL PL,,WYNMILL,PL,
WYNMILL RD,,WYNMILL,RD,
WYNMILL TER,,WYNMILL,TER,
WYNNEFIELD AVE,,WYNNEFIELD,AVE,
WYNNEWOOD RD,,WYNNEWOOD,RD,
E WYNNEWOOD RD,E,WYNNEWOOD,RD,
WYNSAM ST,,WYNSAM,ST,
E WYOMING AVE,E,WYOMING,AVE,
W WYOMING AVE,W,WYOMING,AVE,
YALE PL,,YALE,PL,
YELLAND ST,,YELLAND,ST,
YELLOW TRL,,YELLOW,TRL,
YERKES ST,,YERKES,ST,
N YEWDALL ST,N,YEWDALL,ST,
S YEWDALL ST,S,YEWDALL,ST,
YEWDALL TER,,YEWDALL,TER,
YOCUM ST,,YOCUM,ST,
YORK AVE,,YORK,AVE,
E YORK ST,E,YORK,ST,
W YORK ST,W,YORK,ST,
YOUNG ST,,YOUNG,ST,
ZERALDA ST,,ZERALDA,ST,
ZINKOFF BLVD,,ZINKOFF,BLVD,
ZOOLOGICAL ST,,ZOOLOGICAL,ST,
